"일시","지점","폭염여부(O/X)","최고체감온도(°C)","최고기온(°C)","평균기온(°C)","최저기온(°C)","평균상대습도(%)","폭염특보(O/X)","폭염영향예보(단계)","열대야(O/X)","자외선지수(단계)","온열질환자(노인)발생여부"
"2019-05-01","서울","X","21.9","22.2","16.4","11.2","48.9","X","","X","높음","X"
"2019-05-02","서울","X","22.2","25.3","17.1","10.6","28.5","X","","X","높음","X"
"2019-05-03","서울","X","23.4","26.1","17.9","10.1","37.5","X","","X","매우높음","X"
"2019-05-04","서울","X","25.0","27.4","19.5","12.0","40.4","X","","X","높음","X"
"2019-05-05","서울","X","23.2","26.5","19.2","13.6","35.8","X","","X","높음","X"
"2019-05-06","서울","X","16.9","19.8","14.5","9.8","27.1","X","","X","높음","X"
"2019-05-07","서울","X","19.6","21.9","15.0","8.4","33.4","X","","X","매우높음","X"
"2019-05-08","서울","X","20.2","21.3","15.6","10.1","48.3","X","","X","매우높음","X"
"2019-05-09","서울","X","20.5","22.9","16.6","11.7","43.3","X","","X","높음","X"
"2019-05-10","서울","X","24.9","26.8","17.8","10.3","48.0","X","","X","높음","X"
"2019-05-11","서울","X","26.1","28.3","20.3","13.2","39.0","X","","X","매우높음","X"
"2019-05-12","서울","X","26.4","28.9","21.6","14.7","36.0","X","","X","매우높음","X"
"2019-05-13","서울","X","21.6","22.8","18.7","15.5","43.4","X","","X","높음","X"
"2019-05-14","서울","X","24.8","26.9","19.6","12.9","44.5","X","","X","높음","X"
"2019-05-15","서울","X","25.7","28.0","20.7","14.8","48.1","X","","X","높음","X"
"2019-05-16","서울","X","27.8","30.0","23.5","16.7","43.8","X","","X","매우높음","X"
"2019-05-17","서울","X","26.8","28.3","23.6","17.6","44.9","X","","X","높음","X"
"2019-05-18","서울","X","25.2","25.9","22.8","19.1","46.8","X","","X","높음","X"
"2019-05-19","서울","X","24.3","21.6","19.4","17.9","93.0","X","","X","보통","X"
"2019-05-20","서울","X","23.2","20.2","16.4","13.0","63.6","X","","X","높음","X"
"2019-05-21","서울","X","21.7","23.8","17.2","11.7","52.0","X","","X","높음","X"
"2019-05-22","서울","X","23.6","26.5","19.5","12.3","46.0","X","","X","매우높음","X"
"2019-05-23","서울","X","26.6","29.2","22.1","15.0","45.0","X","","X","매우높음","X"
"2019-05-24","서울","X","31.0","33.4","24.2","16.2","46.4","X","","X","매우높음","X"
"2019-05-25","서울","X","25.7","28.6","23.4","18.4","45.6","X","","X","매우높음","X"
"2019-05-26","서울","X","28.1","31.1","24.5","18.6","39.0","X","","X","매우높음","O"
"2019-05-27","서울","X","22.9","22.3","17.8","14.3","80.9","X","","X","보통","X"
"2019-05-28","서울","X","22.5","24.6","18.1","11.9","45.9","X","","X","매우높음","X"
"2019-05-29","서울","X","24.5","26.5","20.3","13.3","48.4","X","","X","매우높음","X"
"2019-05-30","서울","X","23.3","24.5","19.6","14.6","48.0","X","","X","높음","X"
"2019-05-31","서울","X","22.4","23.3","19.1","16.1","49.6","X","","X","매우높음","X"
"2019-06-01","서울","X","23.4","23.7","18.9","14.8","60.5","X","","X","높음","X"
"2019-06-02","서울","X","25.6","27.8","21.1","14.1","42.1","X","","X","매우높음","X"
"2019-06-03","서울","X","27.9","29.5","23.1","16.0","42.9","X","","X","매우높음","X"
"2019-06-04","서울","X","27.6","29.0","22.6","17.6","56.4","X","","X","매우높음","X"
"2019-06-05","서울","X","29.1","29.6","23.0","17.8","63.8","X","","X","매우높음","O"
"2019-06-06","서울","X","26.0","25.1","21.2","18.6","75.9","X","","X","높음","X"
"2019-06-07","서울","X","25.2","24.7","20.0","17.0","77.3","X","","X","보통","X"
"2019-06-08","서울","X","26.9","27.6","21.9","16.0","57.5","X","","X","매우높음","X"
"2019-06-09","서울","X","26.7","26.5","21.6","17.1","66.1","X","","X","높음","X"
"2019-06-10","서울","X","22.4","21.9","18.4","15.7","70.3","X","","X","보통","X"
"2019-06-11","서울","X","24.9","26.1","20.5","15.5","51.1","X","","X","매우높음","X"
"2019-06-12","서울","X","26.5","26.4","21.5","16.1","57.1","X","","X","매우높음","X"
"2019-06-13","서울","X","27.5","28.8","23.0","16.6","51.9","X","","X","매우높음","X"
"2019-06-14","서울","X","27.0","28.4","23.0","19.1","54.8","X","","X","보통","X"
"2019-06-15","서울","X","26.9","27.4","21.9","17.9","61.5","X","","X","매우높음","X"
"2019-06-16","서울","X","26.5","27.2","22.0","16.1","55.4","X","","X","매우높음","X"
"2019-06-17","서울","X","25.7","26.2","21.7","18.1","59.1","X","","X","높음","X"
"2019-06-18","서울","X","25.9","24.8","20.8","17.0","78.6","X","","X","높음","X"
"2019-06-19","서울","X","26.3","25.4","21.4","18.9","77.8","X","","X","높음","X"
"2019-06-20","서울","X","27.8","27.8","22.7","19.8","70.6","X","","X","높음","X"
"2019-06-21","서울","X","26.9","26.1","22.1","19.4","72.9","X","","X","높음","O"
"2019-06-22","서울","X","28.3","30.6","24.2","17.7","42.3","X","","X","매우높음","X"
"2019-06-23","서울","X","28.9","31.0","25.0","19.1","40.4","X","","X","높음","O"
"2019-06-24","서울","X","29.1","30.9","25.2","20.9","46.9","X","관심","X","위험","X"
"2019-06-25","서울","X","30.3","32.8","25.6","19.5","49.1","X","주의","X","매우높음","X"
"2019-06-26","서울","X","28.6","29.5","25.5","20.7","52.6","X","","X","매우높음","X"
"2019-06-27","서울","X","30.9","31.2","25.5","21.9","70.5","X","","X","보통","X"
"2019-06-28","서울","X","29.3","29.0","24.7","22.3","67.3","X","","X","매우높음","X"
"2019-06-29","서울","X","27.7","27.7","23.1","19.6","72.0","X","","X","높음","X"
"2019-06-30","서울","X","28.7","28.5","23.9","20.9","73.5","X","","X","매우높음","X"
"2019-07-01","서울","X","28.1","28.9","23.9","20.6","64.4","X","","X","매우높음","X"
"2019-07-02","서울","X","28.9","30.1","24.4","20.8","63.5","X","","X","매우높음","X"
"2019-07-03","서울","X","27.7","27.4","24.1","21.2","64.6","X","관심","X","높음","X"
"2019-07-04","서울","X","30.7","32.8","25.4","20.0","59.6","X","주의","X","매우높음","X"
"2019-07-05","서울","X","32.7","35.0","27.6","20.2","42.1","X","경고","X","매우높음","O"
"2019-07-06","서울","X","32.8","36.1","29.7","24.6","40.9","X","주의","X","매우높음","O"
"2019-07-07","서울","X","30.0","32.5","26.7","22.7","43.3","X","주의","X","매우높음","X"
"2019-07-08","서울","X","29.2","31.0","25.1","21.2","46.6","X","주의","X","높음","X"
"2019-07-09","서울","X","28.4","30.0","25.0","19.7","46.4","X","","X","높음","X"
"2019-07-10","서울","X","26.8","27.3","22.7","19.3","64.1","X","","X","높음","X"
"2019-07-11","서울","X","27.0","25.9","21.9","19.5","76.9","X","","X","보통","O"
"2019-07-12","서울","X","28.7","28.7","23.6","20.0","65.5","X","","X","매우높음","X"
"2019-07-13","서울","X","29.4","29.7","24.9","22.1","67.3","X","","X","보통","X"
"2019-07-14","서울","X","30.6","31.6","25.9","21.2","64.6","X","","X","높음","X"
"2019-07-15","서울","X","28.4","27.4","23.8","22.1","80.0","X","관심","X","보통","X"
"2019-07-16","서울","X","29.6","28.8","24.7","21.4","79.0","X","관심","X","높음","X"
"2019-07-17","서울","X","29.8","29.2","25.6","22.3","73.9","X","관심","X","보통","X"
"2019-07-18","서울","X","31.3","32.1","26.9","23.3","65.0","X","주의","X","높음","X"
"2019-07-19","서울","O","33.7","35.0","28.6","22.8","61.3","X","주의","O","매우높음","O"
"2019-07-20","서울","X","32.0","31.9","28.0","25.1","66.9","X","","X","보통","X"
"2019-07-21","서울","X","29.5","27.0","25.1","24.2","87.1","X","","X","보통","X"
"2019-07-22","서울","X","31.6","31.0","26.7","24.2","74.6","X","주의","X","매우높음","X"
"2019-07-23","서울","O","33.1","32.9","28.1","24.4","70.8","X","","O","매우높음","O"
"2019-07-24","서울","X","29.7","27.2","26.5","25.2","82.3","X","","O","보통","X"
"2019-07-25","서울","X","30.5","27.4","26.3","25.6","90.1","X","","X","높음","X"
"2019-07-26","서울","X","29.3","25.9","25.1","23.7","95.3","X","","X","보통","X"
"2019-07-27","서울","O","33.6","33.4","28.4","24.9","76.6","X","","O","보통","X"
"2019-07-28","서울","X","30.6","28.2","26.1","25.0","88.3","X","","O","보통","X"
"2019-07-29","서울","X","31.5","30.0","27.5","25.6","74.5","X","주의","O","높음","X"
"2019-07-30","서울","X","32.3","30.8","28.1","26.3","75.3","X","","X","매우높음","X"
"2019-07-31","서울","X","30.1","27.5","25.8","24.0","91.1","X","","X","보통","X"
"2019-08-01","서울","X","32.0","30.1","26.3","23.5","86.4","X","관심","X","높음","X"
"2019-08-02","서울","O","33.7","33.1","28.4","24.7","74.6","X","주의","O","매우높음","X"
"2019-08-03","서울","O","35.5","36.0","29.4","25.6","69.0","X","경고","O","매우높음","O"
"2019-08-04","서울","O","34.5","34.4","28.3","25.0","75.9","X","경고","O","매우높음","X"
"2019-08-05","서울","O","35.5","35.9","30.5","25.6","65.5","X","경고","O","매우높음","O"
"2019-08-06","서울","O","35.2","36.8","31.6","27.9","51.4","X","경고","X","매우높음","O"
"2019-08-07","서울","X","31.7","30.3","26.9","23.9","78.1","X","주의","O","높음","O"
"2019-08-08","서울","O","33.4","32.7","28.9","25.9","71.4","X","주의","O","매우높음","O"
"2019-08-09","서울","O","34.9","34.6","29.8","26.0","69.0","X","경고","O","매우높음","X"
"2019-08-10","서울","O","35.8","36.5","31.5","26.6","57.9","X","경고","O","매우높음","O"
"2019-08-11","서울","O","34.1","35.7","30.4","26.3","53.6","X","경고","X","매우높음","O"
"2019-08-12","서울","X","31.8","28.5","26.6","24.8","91.8","X","주의","O","보통","O"
"2019-08-13","서울","O","35.0","35.3","29.2","25.1","76.9","X","경고","O","매우높음","O"
"2019-08-14","서울","O","35.2","35.7","30.4","25.9","63.9","X","경고","O","매우높음","X"
"2019-08-15","서울","X","29.7","28.6","25.9","23.9","82.0","X","관심","X","보통","X"
"2019-08-16","서울","X","30.8","29.5","25.9","23.0","74.5","X","","X","보통","X"
"2019-08-17","서울","X","29.7","28.8","25.9","23.4","69.5","X","","X","보통","X"
"2019-08-18","서울","X","30.2","30.7","25.6","22.6","66.5","X","","X","매우높음","X"
"2019-08-19","서울","X","30.5","31.3","26.3","21.2","60.6","X","관심","X","매우높음","X"
"2019-08-20","서울","X","32.4","32.8","28.2","23.2","56.3","X","주의","X","매우높음","X"
"2019-08-21","서울","X","31.0","30.4","27.0","24.4","67.3","X","관심","X","보통","X"
"2019-08-22","서울","X","30.8","31.4","26.9","23.0","66.5","X","","X","매우높음","X"
"2019-08-23","서울","X","28.9","30.5","26.2","22.7","58.4","X","","X","매우높음","X"
"2019-08-24","서울","X","28.1","27.3","24.1","21.5","60.9","X","","X","매우높음","X"
"2019-08-25","서울","X","29.8","29.9","25.0","20.2","66.6","X","","X","매우높음","X"
"2019-08-26","서울","X","30.9","32.1","26.4","21.5","63.8","X","","X","매우높음","X"
"2019-08-27","서울","X","29.5","29.3","25.7","22.2","71.1","X","","X","보통","X"
"2019-08-28","서울","X","29.7","30.2","26.1","23.6","66.2","X","","X","높음","X"
"2019-08-29","서울","X","27.5","26.4","23.4","20.1","77.1","X","","X","보통","X"
"2019-08-30","서울","X","26.9","27.0","22.6","19.5","66.3","X","","X","높음","X"
"2019-08-31","서울","X","28.2","28.9","23.5","18.5","65.0","X","","X","높음","X"
"2019-09-01","서울","X","27.7","27.8","23.7","19.2","64.0","X","","X","높음","X"
"2019-09-02","서울","X","28.7","29.7","24.4","19.4","56.6","X","","X","보통","X"
"2019-09-03","서울","X","28.6","28.0","24.1","22.0","67.6","X","","X","매우높음","X"
"2019-09-04","서울","X","28.2","25.5","22.8","21.2","89.0","X","","X","보통","X"
"2019-09-05","서울","X","29.3","27.6","23.0","21.5","91.4","X","","X","보통","X"
"2019-09-06","서울","X","30.6","29.1","25.3","21.6","79.8","X","","X","보통","X"
"2019-09-07","서울","X","30.4","29.5","25.7","22.6","72.9","X","","X","보통","X"
"2019-09-08","서울","X","28.8","27.3","24.7","22.9","76.9","X","","X","높음","X"
"2019-09-09","서울","X","29.3","28.0","25.1","22.4","74.3","X","","X","보통","X"
"2019-09-10","서울","X","29.0","26.5","23.8","22.1","93.4","X","","X","보통","X"
"2019-09-11","서울","X","29.3","28.7","24.3","20.4","71.4","X","","X","보통","X"
"2019-09-12","서울","X","24.1","22.9","21.0","18.7","72.3","X","","X","보통","X"
"2019-09-13","서울","X","28.2","29.3","23.3","18.3","60.4","X","","X","높음","X"
"2019-09-14","서울","X","26.4","24.1","22.4","20.8","80.0","X","","X","보통","O"
"2019-09-15","서울","X","29.7","30.0","24.2","19.5","70.4","X","","X","보통","X"
"2019-09-16","서울","X","29.0","30.5","24.5","20.7","53.0","X","","X","높음","X"
"2019-09-17","서울","X","27.2","29.0","23.5","18.0","41.6","X","","X","높음","X"
"2019-09-18","서울","X","24.5","25.4","21.0","16.0","46.0","X","","X","높음","X"
"2019-09-19","서울","X","25.3","26.0","19.5","13.6","46.5","X","","X","높음","X"
"2019-09-20","서울","X","23.7","24.2","19.6","15.8","52.8","X","","X","보통","X"
"2019-09-21","서울","X","22.7","22.1","19.6","18.3","60.3","X","","X","보통","X"
"2019-09-22","서울","X","20.8","19.6","18.6","17.3","63.4","X","","X","보통","X"
"2019-09-23","서울","X","23.8","24.6","20.0","16.9","51.1","X","","X","보통","X"
"2019-09-24","서울","X","25.7","26.5","19.8","13.9","61.3","X","","X","높음","X"
"2019-09-25","서울","X","26.6","27.4","20.9","14.8","64.4","X","","X","높음","X"
"2019-09-26","서울","X","27.8","29.0","22.9","17.7","59.3","X","","X","보통","X"
"2019-09-27","서울","X","26.7","27.0","22.9","19.6","57.5","X","","X","보통","X"
"2019-09-28","서울","X","28.6","29.2","23.7","19.4","58.9","X","","X","보통","X"
"2019-09-29","서울","X","27.0","28.6","22.6","17.9","60.6","X","","X","높음","X"
"2019-09-30","서울","X","27.9","29.9","22.4","16.4","61.0","X","","X","높음","X"
"2020-05-01","서울","X","26.7","26.2","20.2","16.4","73.6","X","","X","높음","X"
"2020-05-02","서울","X","25.3","23.9","20.3","18.0","79.6","X","","X","보통","X"
"2020-05-03","서울","X","27.3","27.4","21.8","17.0","68.8","X","","X","보통","X"
"2020-05-04","서울","X","25.6","25.3","20.2","14.8","63.9","X","","X","높음","X"
"2020-05-05","서울","X","20.7","19.3","16.0","13.1","67.9","X","","X","보통","X"
"2020-05-06","서울","X","24.9","27.6","19.4","11.1","50.0","X","","X","매우높음","X"
"2020-05-07","서울","X","23.6","26.5","20.7","14.9","32.5","X","","X","매우높음","X"
"2020-05-08","서울","X","23.1","27.3","19.9","14.3","32.8","X","","X","높음","X"
"2020-05-09","서울","X","20.1","16.8","14.2","12.7","94.4","X","","X","보통","X"
"2020-05-10","서울","X","19.1","16.6","14.4","12.8","88.6","X","","X","낮음","X"
"2020-05-11","서울","X","20.8","22.0","16.5","12.4","61.0","X","","X","높음","X"
"2020-05-12","서울","X","20.0","18.9","14.3","10.5","69.4","X","","X","높음","X"
"2020-05-13","서울","X","20.3","21.8","16.1","10.2","47.3","X","","X","매우높음","X"
"2020-05-14","서울","X","22.7","25.4","19.3","12.4","35.4","X","","X","높음","X"
"2020-05-15","서울","X","19.6","20.2","16.1","14.1","81.4","X","","X","보통","X"
"2020-05-16","서울","X","22.5","20.3","16.7","15.0","90.3","X","","X","보통","X"
"2020-05-17","서울","X","25.8","24.9","19.1","14.6","80.1","X","","X","보통","X"
"2020-05-18","서울","X","27.0","26.8","19.1","13.2","79.4","X","","X","보통","X"
"2020-05-19","서울","X","18.4","17.1","13.0","10.1","73.6","X","","X","보통","X"
"2020-05-20","서울","X","20.3","20.1","14.4","9.2","60.4","X","","X","보통","X"
"2020-05-21","서울","X","22.6","22.9","17.4","10.9","56.1","X","","X","매우높음","X"
"2020-05-22","서울","X","23.5","22.7","18.5","14.8","68.5","X","","X","높음","X"
"2020-05-23","서울","X","24.9","25.0","20.1","16.6","66.1","X","","X","높음","X"
"2020-05-24","서울","X","22.3","20.2","17.1","14.3","84.8","X","","X","보통","X"
"2020-05-25","서울","X","22.9","21.3","16.6","13.7","81.0","X","","X","높음","X"
"2020-05-26","서울","X","23.3","22.9","16.2","12.7","81.9","X","","X","높음","X"
"2020-05-27","서울","X","23.8","23.9","17.4","11.8","68.5","X","","X","매우높음","X"
"2020-05-28","서울","X","23.3","23.4","18.7","14.2","62.8","X","","X","보통","X"
"2020-05-29","서울","X","26.7","27.6","20.7","14.6","65.6","X","","X","매우높음","X"
"2020-05-30","서울","X","28.1","30.0","22.6","16.5","57.3","X","","X","매우높음","X"
"2020-05-31","서울","X","27.3","28.0","21.2","17.6","63.0","X","","X","매우높음","X"
"2020-06-01","서울","X","23.7","24.5","19.7","16.6","64.3","X","","X","높음","X"
"2020-06-02","서울","X","22.1","21.8","17.9","14.8","71.0","X","","X","보통","X"
"2020-06-03","서울","X","28.4","28.4","22.0","17.6","73.3","X","","X","높음","X"
"2020-06-04","서울","X","27.5","26.5","21.9","19.7","81.1","X","","X","높음","O"
"2020-06-05","서울","X","28.6","28.7","23.0","18.4","69.4","X","","X","매우높음","X"
"2020-06-06","서울","X","29.9","30.9","24.6","19.2","63.6","X","","X","매우높음","X"
"2020-06-07","서울","X","29.0","29.2","22.7","19.2","69.4","X","","X","높음","X"
"2020-06-08","서울","X","31.3","32.0","25.0","19.8","63.6","X","관심","X","매우높음","X"
"2020-06-09","서울","X","31.6","32.8","26.7","20.3","51.6","O","주의","X","매우높음","O"
"2020-06-10","서울","X","31.5","32.1","25.8","22.5","63.8","O","주의","X","매우높음","O"
"2020-06-11","서울","X","31.2","31.6","26.1","21.7","68.3","X","관심","X","매우높음","O"
"2020-06-12","서울","X","28.2","27.6","24.7","21.6","68.6","X","","X","매우높음","X"
"2020-06-13","서울","X","32.0","33.5","26.9","20.6","52.8","X","","X","높음","X"
"2020-06-14","서울","X","29.0","28.8","24.0","20.1","70.6","X","","X","매우높음","X"
"2020-06-15","서울","X","27.5","28.6","23.0","18.2","62.3","X","","X","매우높음","X"
"2020-06-16","서울","X","29.9","30.7","24.4","20.0","63.0","X","","X","매우높음","X"
"2020-06-17","서울","X","29.9","30.3","24.3","20.2","58.6","X","","X","매우높음","X"
"2020-06-18","서울","X","27.2","27.3","23.4","20.3","61.4","X","","X","매우높음","X"
"2020-06-19","서울","X","29.8","30.0","24.7","21.1","61.4","X","","X","보통","X"
"2020-06-20","서울","X","29.8","29.7","24.9","20.7","62.6","X","관심","X","높음","X"
"2020-06-21","서울","X","31.5","32.7","26.1","19.5","59.5","O","관심","X","매우높음","O"
"2020-06-22","서울","X","32.9","35.4","28.6","21.7","50.5","O","관심","X","매우높음","X"
"2020-06-23","서울","X","30.4","31.0","27.3","23.2","53.5","O","주의","X","매우높음","O"
"2020-06-24","서울","X","27.6","26.3","22.3","19.9","83.5","X","","X","보통","X"
"2020-06-25","서울","X","25.8","23.4","21.6","20.1","91.0","X","","X","높음","X"
"2020-06-26","서울","X","27.2","25.7","21.8","19.2","82.1","X","","X","높음","X"
"2020-06-27","서울","X","30.0","29.6","24.1","20.4","70.4","X","","X","높음","X"
"2020-06-28","서울","X","30.3","30.1","25.2","21.5","70.5","X","","X","매우높음","X"
"2020-06-29","서울","X","28.1","26.5","23.8","20.6","77.0","X","","X","매우높음","X"
"2020-06-30","서울","X","24.8","23.1","20.1","18.4","83.0","X","","X","보통","X"
"2020-07-01","서울","X","25.9","24.3","21.1","18.1","79.3","X","","X","높음","X"
"2020-07-02","서울","X","30.2","29.8","24.2","20.4","74.5","X","","X","매우높음","X"
"2020-07-03","서울","X","30.3","30.6","25.5","21.6","63.5","X","","X","매우높음","X"
"2020-07-04","서울","X","28.9","29.5","24.2","20.4","63.9","X","","X","매우높음","X"
"2020-07-05","서울","X","28.1","27.6","23.8","19.9","68.6","X","","X","높음","X"
"2020-07-06","서울","X","31.0","30.9","25.6","21.8","66.6","X","","X","매우높음","X"
"2020-07-07","서울","X","29.2","28.1","24.1","22.1","75.5","X","","X","보통","X"
"2020-07-08","서울","X","31.0","30.4","25.5","21.3","71.9","X","관심","X","매우높음","X"
"2020-07-09","서울","X","32.1","32.9","27.5","21.8","64.6","X","관심","X","매우높음","X"
"2020-07-10","서울","X","28.7","27.7","24.5","22.7","75.0","X","","X","보통","X"
"2020-07-11","서울","X","30.5","30.2","25.8","22.2","62.6","X","","X","매우높음","X"
"2020-07-12","서울","X","27.3","26.0","23.5","21.7","71.9","X","","X","높음","X"
"2020-07-13","서울","X","24.7","21.7","18.7","17.7","94.8","X","","X","보통","X"
"2020-07-14","서울","X","25.7","24.3","20.3","17.2","79.4","X","","X","높음","X"
"2020-07-15","서울","X","28.3","28.7","23.4","18.9","63.1","X","","X","매우높음","X"
"2020-07-16","서울","X","30.6","29.7","25.0","20.4","70.9","X","관심","X","매우높음","X"
"2020-07-17","서울","X","32.0","31.6","26.0","21.5","72.0","X","관심","X","매우높음","X"
"2020-07-18","서울","X","31.6","31.0","26.1","22.8","71.6","X","관심","X","매우높음","X"
"2020-07-19","서울","X","29.0","26.6","24.0","20.6","81.6","X","","X","보통","X"
"2020-07-20","서울","X","29.4","26.6","23.8","22.4","86.3","X","","X","높음","X"
"2020-07-21","서울","X","30.9","30.5","25.0","21.4","77.0","X","관심","X","높음","X"
"2020-07-22","서울","X","28.4","25.7","23.7","22.6","89.3","X","관심","X","보통","X"
"2020-07-23","서울","X","25.9","22.6","21.1","18.5","95.5","X","","X","보통","X"
"2020-07-24","서울","X","28.0","26.8","22.5","18.7","74.3","X","","X","보통","X"
"2020-07-25","서울","X","29.7","29.0","24.3","22.3","69.3","X","","X","높음","X"
"2020-07-26","서울","X","30.4","29.6","25.4","21.6","69.3","X","관심","X","매우높음","X"
"2020-07-27","서울","X","28.4","25.5","24.3","22.9","86.4","X","","X","보통","X"
"2020-07-28","서울","X","28.6","26.4","24.4","22.7","84.8","X","관심","X","높음","X"
"2020-07-29","서울","X","28.5","24.9","23.7","22.6","95.8","X","관심","X","보통","X"
"2020-07-30","서울","X","30.4","28.4","25.3","23.4","85.5","X","관심","X","보통","X"
"2020-07-31","서울","X","31.6","29.6","26.2","22.8","81.9","X","관심","X","높음","X"
"2020-08-01","서울","X","30.0","26.9","25.3","24.3","90.9","X","관심","X","보통","X"
"2020-08-02","서울","X","29.9","26.4","24.9","23.5","96.3","X","관심","X","보통","X"
"2020-08-03","서울","X","29.5","26.3","25.0","23.9","96.3","X","","X","보통","X"
"2020-08-04","서울","X","31.8","29.4","27.0","25.0","89.3","X","","O","보통","O"
"2020-08-05","서울","X","32.0","29.1","26.5","25.5","92.1","X","","X","보통","X"
"2020-08-06","서울","X","29.1","26.0","24.1","22.9","92.8","X","","X","보통","X"
"2020-08-07","서울","X","28.8","26.1","24.3","22.6","85.3","X","","X","보통","X"
"2020-08-08","서울","X","28.9","26.1","24.2","22.7","89.5","X","","X","높음","X"
"2020-08-09","서울","X","29.1","25.8","24.9","23.7","95.4","X","","X","보통","X"
"2020-08-10","서울","X","32.2","29.5","26.5","24.7","91.6","X","","X","보통","X"
"2020-08-11","서울","X","30.0","27.3","24.6","22.4","92.5","X","관심","X","보통","X"
"2020-08-12","서울","O","33.2","31.3","27.2","23.5","83.9","O","관심","O","높음","O"
"2020-08-13","서울","X","32.5","30.3","28.0","26.3","82.4","O","주의","O","높음","X"
"2020-08-14","서울","X","30.9","28.0","27.1","26.5","86.1","X","주의","O","보통","X"
"2020-08-15","서울","X","30.6","27.0","26.1","25.0","96.0","X","관심","O","보통","X"
"2020-08-16","서울","X","32.6","30.8","27.4","25.3","82.6","O","주의","O","높음","X"
"2020-08-17","서울","O","33.5","32.2","28.2","26.1","77.9","O","주의","X","매우높음","O"
"2020-08-18","서울","O","33.2","31.9","27.5","24.0","76.3","O","경고","X","매우높음","X"
"2020-08-19","서울","X","32.7","31.4","27.1","23.6","76.8","O","경고","O","매우높음","O"
"2020-08-20","서울","X","32.8","31.7","27.7","25.0","76.0","O","경고","O","매우높음","O"
"2020-08-21","서울","X","31.5","29.2","26.6","25.2","83.1","X","주의","X","보통","X"
"2020-08-22","서울","X","30.1","27.6","24.3","21.7","87.4","X","관심","X","보통","X"
"2020-08-23","서울","X","31.0","29.9","25.3","21.5","78.4","O","관심","X","보통","X"
"2020-08-24","서울","O","33.0","32.0","27.8","23.7","71.6","O","주의","O","높음","X"
"2020-08-25","서울","O","34.6","34.5","29.9","26.0","69.5","O","경고","O","높음","O"
"2020-08-26","서울","O","35.0","34.5","30.2","27.0","68.3","O","주의","O","보통","O"
"2020-08-27","서울","X","31.1","28.6","27.1","25.6","84.6","O","주의","O","보통","X"
"2020-08-28","서울","X","32.2","29.7","27.3","26.0","89.1","O","주의","O","보통","X"
"2020-08-29","서울","X","31.6","29.0","26.8","25.5","90.1","O","주의","X","높음","X"
"2020-08-30","서울","O","33.0","30.6","26.8","24.4","88.8","O","주의","X","보통","X"
"2020-08-31","서울","X","31.8","30.0","26.4","23.8","77.9","O","주의","X","보통","X"
"2020-09-01","서울","X","31.0","29.5","26.6","23.8","72.4","O","관심","X","높음","X"
"2020-09-02","서울","X","28.9","26.4","24.3","22.6","91.3","X","","X","보통","X"
"2020-09-03","서울","X","27.0","25.6","22.7","20.0","82.0","X","","X","보통","X"
"2020-09-04","서울","X","27.1","27.5","23.3","19.9","63.9","X","","X","높음","X"
"2020-09-05","서울","X","28.1","27.3","23.3","19.2","66.6","X","","X","높음","X"
"2020-09-06","서울","X","25.9","24.4","21.7","19.5","80.0","X","","X","보통","X"
"2020-09-07","서울","X","23.8","20.6","19.2","17.5","93.5","X","","X","보통","X"
"2020-09-08","서울","X","27.4","26.5","23.4","20.6","71.5","X","","X","높음","X"
"2020-09-09","서울","X","27.1","25.3","21.1","19.0","83.4","X","","X","보통","X"
"2020-09-10","서울","X","27.9","27.0","22.8","18.8","75.8","X","","X","높음","X"
"2020-09-11","서울","X","27.6","27.1","22.4","19.2","72.6","X","","X","보통","X"
"2020-09-12","서울","X","25.6","23.2","20.2","18.1","83.8","X","","X","보통","X"
"2020-09-13","서울","X","27.0","26.6","21.5","16.7","70.4","X","","X","보통","X"
"2020-09-14","서울","X","26.2","24.9","21.3","17.6","79.3","X","","X","높음","X"
"2020-09-15","서울","X","28.3","27.7","23.0","18.9","76.4","X","","X","보통","X"
"2020-09-16","서울","X","26.8","24.9","22.5","21.3","79.9","X","","X","보통","X"
"2020-09-17","서울","X","24.1","23.6","21.3","20.1","70.3","X","","X","보통","X"
"2020-09-18","서울","X","25.3","25.8","21.5","18.1","62.0","X","","X","높음","X"
"2020-09-19","서울","X","24.7","26.2","21.2","17.6","59.3","X","","X","보통","X"
"2020-09-20","서울","X","24.3","24.9","19.7","15.6","57.6","X","","X","높음","X"
"2020-09-21","서울","X","24.3","25.3","19.1","13.6","56.1","X","","X","높음","X"
"2020-09-22","서울","X","24.8","25.6","20.2","15.5","55.3","X","","X","높음","X"
"2020-09-23","서울","X","24.2","23.8","19.2","15.2","59.9","X","","X","보통","X"
"2020-09-24","서울","X","25.6","25.4","20.6","16.8","59.6","X","","X","보통","X"
"2020-09-25","서울","X","25.6","25.4","20.1","16.6","64.1","X","","X","보통","X"
"2020-09-26","서울","X","24.7","24.8","19.3","14.8","62.5","X","","X","보통","X"
"2020-09-27","서울","X","25.7","25.8","20.4","14.9","63.3","X","","X","높음","X"
"2020-09-28","서울","X","26.1","26.5","20.7","15.7","66.0","X","","X","보통","X"
"2020-09-29","서울","X","24.2","23.9","19.6","15.3","67.6","X","","X","보통","X"
"2020-09-30","서울","X","25.9","25.7","19.6","16.2","78.0","X","","X","보통","X"
"2021-05-01","서울","X","15.9","15.3","10.2","8.5","80.8","X","","X","보통","X"
"2021-05-02","서울","X","19.1","18.7","12.4","7.3","67.9","X","","X","높음","X"
"2021-05-03","서울","X","19.2","20.3","14.1","8.4","56.4","X","","X","매우높음","X"
"2021-05-04","서울","X","19.3","15.8","13.8","11.4","82.6","X","","X","보통","X"
"2021-05-05","서울","X","18.3","18.4","13.9","10.3","64.4","X","","X","높음","X"
"2021-05-06","서울","X","22.4","23.1","15.7","7.9","46.4","X","","X","높음","X"
"2021-05-07","서울","X","18.3","17.2","14.4","10.7","60.3","X","","X","높음","X"
"2021-05-08","서울","X","20.6","21.0","14.3","8.9","66.1","X","","X","매우높음","X"
"2021-05-09","서울","X","20.1","21.8","15.7","10.0","51.3","X","","X","매우높음","X"
"2021-05-10","서울","X","16.3","14.6","13.2","11.7","67.9","X","","X","보통","X"
"2021-05-11","서울","X","24.0","25.7","18.5","9.4","48.9","X","","X","매우높음","X"
"2021-05-12","서울","X","26.0","27.7","22.0","16.9","39.5","X","","X","높음","X"
"2021-05-13","서울","X","28.5","29.6","22.9","16.6","54.4","X","","X","매우높음","X"
"2021-05-14","서울","X","29.6","30.8","24.1","18.0","60.3","X","","X","매우높음","X"
"2021-05-15","서울","X","27.2","26.2","22.1","20.8","79.5","X","","X","보통","X"
"2021-05-16","서울","X","24.4","20.8","18.4","14.8","97.6","X","","X","보통","X"
"2021-05-17","서울","X","19.7","16.7","15.3","14.2","93.0","X","","X","보통","X"
"2021-05-18","서울","X","25.1","24.5","17.9","13.6","70.5","X","","X","매우높음","X"
"2021-05-19","서울","X","25.4","26.6","19.9","12.4","52.3","X","","X","매우높음","X"
"2021-05-20","서울","X","23.3","22.9","18.7","15.6","59.8","X","","X","보통","X"
"2021-05-21","서울","X","20.4","18.2","16.0","14.2","86.5","X","","X","보통","X"
"2021-05-22","서울","X","24.5","23.8","18.6","13.8","69.3","X","","X","매우높음","X"
"2021-05-23","서울","X","25.3","25.1","19.5","14.3","64.4","X","","X","높음","X"
"2021-05-24","서울","X","24.4","24.5","19.4","16.4","61.0","X","","X","매우높음","X"
"2021-05-25","서울","X","20.4","19.3","15.3","11.9","72.3","X","","X","높음","X"
"2021-05-26","서울","X","22.2","23.0","18.0","11.5","58.5","X","","X","높음","X"
"2021-05-27","서울","X","21.2","18.7","15.8","13.9","83.0","X","","X","보통","X"
"2021-05-28","서울","X","21.6","19.7","15.3","12.4","86.0","X","","X","보통","X"
"2021-05-29","서울","X","20.6","19.1","15.4","12.8","79.8","X","","X","매우높음","X"
"2021-05-30","서울","X","25.8","26.3","18.4","10.8","73.0","X","","X","매우높음","X"
"2021-05-31","서울","X","25.2","23.8","19.9","16.5","78.9","X","","X","보통","X"
"2021-06-01","서울","X","25.1","23.9","20.2","15.9","74.6","X","","X","보통","X"
"2021-06-02","서울","X","28.8","29.7","23.2","16.6","64.4","X","","X","매우높음","X"
"2021-06-03","서울","X","24.1","22.7","19.1","14.6","80.8","X","","X","보통","X"
"2021-06-04","서울","X","23.2","23.6","18.5","13.3","69.4","X","","X","매우높음","X"
"2021-06-05","서울","X","26.0","25.7","20.8","17.0","68.1","X","","X","매우높음","O"
"2021-06-06","서울","X","28.4","28.2","23.0","18.4","69.6","X","","X","높음","X"
"2021-06-07","서울","X","25.0","24.0","21.1","19.4","71.5","X","","X","보통","X"
"2021-06-08","서울","X","29.6","29.5","23.6","18.8","69.6","X","","X","높음","X"
"2021-06-09","서울","X","30.7","31.6","25.8","19.5","59.1","X","","X","매우높음","X"
"2021-06-10","서울","X","29.6","29.8","24.9","20.5","68.5","X","","X","보통","X"
"2021-06-11","서울","X","26.3","24.4","21.5","19.9","84.5","X","","X","보통","X"
"2021-06-12","서울","X","30.7","30.2","24.2","18.2","74.6","X","","X","매우높음","O"
"2021-06-13","서울","X","30.3","29.7","24.8","20.9","72.6","X","","X","매우높음","O"
"2021-06-14","서울","X","30.8","30.2","24.8","18.9","68.8","X","관심","X","매우높음","X"
"2021-06-15","서울","X","27.0","25.3","22.5","21.5","79.1","X","","X","보통","X"
"2021-06-16","서울","X","28.9","28.9","24.3","20.3","59.9","X","","X","높음","X"
"2021-06-17","서울","X","26.0","25.0","21.9","19.6","71.4","X","","X","보통","X"
"2021-06-18","서울","X","24.1","21.4","20.0","19.0","92.1","X","","X","보통","X"
"2021-06-19","서울","X","28.2","27.4","22.3","17.5","74.0","X","","X","매우높음","X"
"2021-06-20","서울","X","29.2","29.0","22.9","17.6","73.3","X","","X","매우높음","X"
"2021-06-21","서울","X","28.5","28.5","23.6","19.2","67.0","X","","X","매우높음","X"
"2021-06-22","서울","X","28.3","28.6","22.8","19.7","67.9","X","","X","보통","X"
"2021-06-23","서울","X","28.0","27.9","22.4","18.8","70.5","X","","X","보통","X"
"2021-06-24","서울","X","28.7","28.0","23.0","18.5","71.1","X","","X","보통","X"
"2021-06-25","서울","X","29.6","29.5","24.1","19.5","69.0","X","","X","높음","X"
"2021-06-26","서울","X","28.1","26.7","22.8","19.9","78.5","X","","X","보통","X"
"2021-06-27","서울","X","30.7","30.8","24.5","19.8","72.1","X","관심","X","매우높음","X"
"2021-06-28","서울","X","30.2","29.2","23.7","21.0","76.4","X","관심","X","보통","X"
"2021-06-29","서울","X","29.3","28.4","23.9","21.3","78.6","X","","X","높음","X"
"2021-06-30","서울","X","29.7","28.8","24.3","21.0","77.9","X","","X","높음","X"
"2021-07-01","서울","X","31.3","31.0","26.3","21.4","70.9","O","관심","X","매우높음","X"
"2021-07-02","서울","X","31.9","31.8","27.1","23.6","64.1","O","주의","X","매우높음","X"
"2021-07-03","서울","X","27.1","25.7","22.6","19.6","80.0","X","","X","보통","X"
"2021-07-04","서울","X","26.8","23.1","21.4","19.8","96.8","X","","X","보통","X"
"2021-07-05","서울","X","28.4","26.9","23.3","20.1","80.3","X","","X","보통","X"
"2021-07-06","서울","X","30.7","30.1","25.3","21.0","73.4","X","","X","매우높음","X"
"2021-07-07","서울","X","30.8","29.1","26.4","23.9","78.5","X","관심","X","높음","X"
"2021-07-08","서울","X","31.5","29.8","26.0","23.8","81.6","X","관심","X","보통","X"
"2021-07-09","서울","X","30.6","29.2","25.5","23.6","77.3","X","관심","X","높음","X"
"2021-07-10","서울","X","30.6","29.2","25.9","23.1","80.4","O","관심","X","높음","X"
"2021-07-11","서울","X","30.3","27.5","25.7","24.1","86.8","O","주의","X","보통","O"
"2021-07-12","서울","O","33.6","32.5","28.1","23.8","75.1","O","주의","O","높음","X"
"2021-07-13","서울","X","32.9","31.5","28.8","26.3","76.1","O","주의","O","높음","X"
"2021-07-14","서울","O","34.4","33.5","29.7","26.1","71.4","O","경고","O","높음","X"
"2021-07-15","서울","O","35.0","34.5","29.1","25.9","71.1","O","경고","X","매우높음","O"
"2021-07-16","서울","O","35.2","35.2","28.8","24.2","68.4","O","경고","X","높음","X"
"2021-07-17","서울","O","33.2","32.8","29.1","24.7","63.1","O","경고","O","높음","X"
"2021-07-18","서울","O","33.9","34.1","29.6","25.7","62.5","O","경고","O","높음","X"
"2021-07-19","서울","X","31.7","30.5","26.4","24.0","80.1","O","경고","X","매우높음","X"
"2021-07-20","서울","O","33.0","31.8","27.9","23.6","75.8","O","경고","O","높음","O"
"2021-07-21","서울","O","35.0","35.3","30.5","25.3","64.0","O","경고","O","매우높음","O"
"2021-07-22","서울","O","34.7","35.9","31.2","26.5","59.8","O","경고","O","매우높음","O"
"2021-07-23","서울","O","35.3","35.8","31.2","27.2","61.8","O","경고","O","매우높음","O"
"2021-07-24","서울","O","35.5","36.5","31.7","26.9","57.4","O","경고","O","매우높음","O"
"2021-07-25","서울","O","35.1","35.9","31.5","27.2","55.8","O","경고","O","매우높음","O"
"2021-07-26","서울","O","34.9","35.4","31.2","27.4","54.9","O","경고","O","매우높음","O"
"2021-07-27","서울","O","35.4","35.7","31.1","27.8","60.5","O","경고","O","매우높음","O"
"2021-07-28","서울","O","35.1","34.7","30.4","27.1","67.4","O","경고","O","매우높음","O"
"2021-07-29","서울","O","34.3","33.3","29.6","27.0","69.9","O","경고","O","매우높음","O"
"2021-07-30","서울","O","34.9","35.4","30.5","25.8","63.1","O","경고","O","매우높음","X"
"2021-07-31","서울","O","34.7","34.3","29.8","26.8","69.9","O","경고","O","높음","O"
"2021-08-01","서울","X","31.5","28.8","27.1","25.1","81.8","O","주의","O","보통","O"
"2021-08-02","서울","X","30.5","28.6","26.5","25.0","82.6","O","주의","X","보통","X"
"2021-08-03","서울","X","32.9","31.4","28.0","24.1","76.9","O","주의","O","높음","X"
"2021-08-04","서울","O","33.8","33.2","28.9","26.3","70.6","O","주의","O","높음","O"
"2021-08-05","서울","O","34.2","33.7","29.4","25.6","68.1","O","경고","O","매우높음","O"
"2021-08-06","서울","O","33.3","32.2","28.1","26.0","68.4","O","경고","X","보통","X"
"2021-08-07","서울","X","32.4","32.3","28.0","23.4","65.0","O","경고","X","매우높음","X"
"2021-08-08","서울","O","33.0","32.1","26.8","24.4","74.8","O","경고","X","높음","X"
"2021-08-09","서울","O","33.1","33.6","28.3","23.3","62.4","O","경고","X","높음","X"
"2021-08-10","서울","X","32.2","32.2","27.7","24.3","62.5","O","경고","X","높음","X"
"2021-08-11","서울","X","32.3","31.6","27.4","24.1","70.3","O","주의","X","높음","X"
"2021-08-12","서울","X","32.4","31.7","26.8","24.0","67.1","O","주의","X","높음","O"
"2021-08-13","서울","X","31.1","30.1","26.6","23.4","70.4","O","주의","X","높음","X"
"2021-08-14","서울","X","30.7","30.5","26.1","23.4","63.9","X","관심","X","보통","X"
"2021-08-15","서울","X","31.8","32.4","26.9","21.7","59.6","X","관심","X","매우높음","X"
"2021-08-16","서울","X","31.9","32.8","27.3","22.5","61.1","X","관심","X","매우높음","X"
"2021-08-17","서울","X","31.1","31.3","25.9","21.9","65.0","X","관심","X","높음","X"
"2021-08-18","서울","X","30.9","31.0","24.3","20.6","69.6","X","관심","X","높음","X"
"2021-08-19","서울","X","30.9","31.5","26.0","21.0","57.1","X","관심","X","매우높음","X"
"2021-08-20","서울","X","30.9","30.7","26.6","22.6","63.6","X","관심","X","높음","X"
"2021-08-21","서울","X","28.1","25.5","23.8","21.0","88.1","X","","X","보통","X"
"2021-08-22","서울","X","28.5","27.0","24.4","22.4","81.5","X","","X","높음","X"
"2021-08-23","서울","X","26.9","24.0","22.4","21.0","89.3","X","","X","보통","X"
"2021-08-24","서울","X","29.8","26.4","23.4","21.1","93.6","X","","X","보통","X"
"2021-08-25","서울","X","29.5","27.3","25.0","23.5","85.5","X","","X","보통","X"
"2021-08-26","서울","X","30.4","27.9","25.5","22.9","84.9","X","","X","보통","X"
"2021-08-27","서울","X","28.3","25.5","22.4","20.4","83.5","X","","X","보통","X"
"2021-08-28","서울","X","29.2","28.2","23.6","19.7","80.4","X","","X","높음","X"
"2021-08-29","서울","X","28.1","26.3","23.7","21.9","82.6","X","","X","보통","X"
"2021-08-30","서울","X","28.9","27.7","24.2","21.2","77.5","X","","X","매우높음","X"
"2021-08-31","서울","X","26.1","23.1","20.5","18.1","93.3","X","","X","보통","X"
"2021-09-01","서울","X","26.0","23.9","21.4","18.5","83.1","X","","X","보통","X"
"2021-09-02","서울","X","27.6","26.7","23.5","20.7","70.3","X","","X","보통","X"
"2021-09-03","서울","X","28.6","29.2","24.3","20.6","60.3","X","","X","매우높음","X"
"2021-09-04","서울","X","28.6","28.6","23.2","18.5","57.0","X","","X","매우높음","X"
"2021-09-05","서울","X","27.7","27.3","23.1","19.4","61.1","X","","X","높음","X"
"2021-09-06","서울","X","26.8","26.4","22.3","18.0","70.1","X","","X","높음","X"
"2021-09-07","서울","X","24.6","20.9","19.6","17.6","98.1","X","","X","보통","X"
"2021-09-08","서울","X","28.0","26.9","22.2","19.0","81.3","X","","X","높음","X"
"2021-09-09","서울","X","29.4","29.1","23.5","19.1","76.5","X","","X","높음","X"
"2021-09-10","서울","X","29.2","28.9","23.6","19.5","76.0","X","","X","보통","X"
"2021-09-11","서울","X","29.7","29.4","24.0","19.9","73.1","X","","X","높음","X"
"2021-09-12","서울","X","29.6","29.8","24.2","19.2","64.6","X","","X","높음","X"
"2021-09-13","서울","X","30.7","30.3","24.8","20.8","67.1","X","","X","높음","X"
"2021-09-14","서울","X","29.1","29.5","24.6","20.0","63.3","X","","X","높음","X"
"2021-09-15","서울","X","28.6","28.9","23.6","19.5","57.5","X","","X","높음","X"
"2021-09-16","서울","X","27.3","27.3","22.9","18.0","61.1","X","","X","높음","X"
"2021-09-17","서울","X","28.2","28.2","23.5","20.5","61.4","X","","X","높음","X"
"2021-09-18","서울","X","29.6","29.8","23.9","18.9","65.1","X","","X","높음","X"
"2021-09-19","서울","X","28.5","27.8","23.7","20.8","62.9","X","","X","보통","X"
"2021-09-20","서울","X","28.4","28.4","23.7","19.0","63.6","X","","X","높음","X"
"2021-09-21","서울","X","27.5","26.2","22.0","17.4","85.1","X","","X","보통","X"
"2021-09-22","서울","X","25.5","24.3","20.2","16.8","79.0","X","","X","보통","X"
"2021-09-23","서울","X","26.1","25.9","20.9","16.9","67.3","X","","X","보통","O"
"2021-09-24","서울","X","27.0","26.9","21.8","16.7","67.5","X","","X","높음","X"
"2021-09-25","서울","X","24.8","23.1","21.2","18.7","72.6","X","","X","보통","X"
"2021-09-26","서울","X","27.6","27.3","22.6","18.4","63.0","X","","X","보통","X"
"2021-09-27","서울","X","25.7","25.0","21.6","18.7","66.0","X","","X","보통","X"
"2021-09-28","서울","X","25.5","24.4","21.5","19.6","75.1","X","","X","보통","X"
"2021-09-29","서울","X","24.9","21.4","20.2","17.8","93.5","X","","X","보통","X"
"2021-09-30","서울","X","27.3","25.9","20.3","16.0","83.9","X","","X","높음","X"
"2022-05-01","서울","X","17.9","19.2","13.4","7.9","54.8","X","","X","매우높음","X"
"2022-05-02","서울","X","18.1","19.4","14.2","9.1","56.5","X","","X","매우높음","X"
"2022-05-03","서울","X","19.2","20.8","14.8","9.1","45.9","X","","X","매우높음","X"
"2022-05-04","서울","X","24.0","25.2","17.8","10.0","43.3","X","","X","높음","X"
"2022-05-05","서울","X","24.6","25.8","18.9","12.5","48.1","X","","X","높음","X"
"2022-05-06","서울","X","25.3","25.6","19.6","13.7","67.1","X","","X","높음","X"
"2022-05-07","서울","X","21.3","23.1","18.4","15.3","52.4","X","","X","높음","X"
"2022-05-08","서울","X","17.6","18.2","15.3","11.7","51.8","X","","X","보통","X"
"2022-05-09","서울","X","23.8","25.3","17.9","11.0","56.4","X","","X","높음","X"
"2022-05-10","서울","X","23.2","26.3","19.9","13.6","39.0","X","","X","높음","X"
"2022-05-11","서울","X","24.3","25.2","19.7","16.6","50.0","X","","X","높음","X"
"2022-05-12","서울","X","26.6","28.1","20.9","14.1","51.5","X","","X","높음","X"
"2022-05-13","서울","X","24.0","25.2","19.4","15.0","45.8","X","","X","보통","X"
"2022-05-14","서울","X","19.3","20.0","15.7","11.9","45.5","X","","X","매우높음","X"
"2022-05-15","서울","X","20.8","22.4","16.2","10.5","39.8","X","","X","매우높음","X"
"2022-05-16","서울","X","22.8","23.7","17.3","10.9","56.0","X","","X","매우높음","X"
"2022-05-17","서울","X","26.5","27.4","20.0","13.0","60.0","X","","X","매우높음","X"
"2022-05-18","서울","X","24.8","25.4","20.0","15.7","59.4","X","","X","높음","X"
"2022-05-19","서울","X","24.0","24.2","19.9","16.1","53.6","X","","X","매우높음","X"
"2022-05-20","서울","X","25.1","25.8","20.6","15.6","52.8","X","","X","높음","X"
"2022-05-21","서울","X","26.2","26.0","20.1","16.1","70.8","X","","X","매우높음","X"
"2022-05-22","서울","X","26.2","25.8","20.3","15.7","70.9","X","","X","매우높음","O"
"2022-05-23","서울","X","29.9","30.7","23.0","17.8","63.5","X","","X","매우높음","X"
"2022-05-24","서울","X","28.5","30.2","22.9","16.7","56.8","X","","X","매우높음","X"
"2022-05-25","서울","X","26.3","26.7","21.0","16.7","66.6","X","","X","매우높음","X"
"2022-05-26","서울","X","22.4","23.5","18.7","14.1","59.9","X","","X","매우높음","X"
"2022-05-27","서울","X","25.5","25.6","20.0","16.0","62.5","X","","X","높음","X"
"2022-05-28","서울","X","28.3","29.3","22.3","15.0","54.1","X","","X","매우높음","X"
"2022-05-29","서울","X","28.8","29.7","23.1","19.3","66.4","X","","X","높음","X"
"2022-05-30","서울","X","25.7","24.7","20.8","17.2","71.0","X","","X","보통","X"
"2022-05-31","서울","X","25.0","27.2","20.7","14.2","42.4","X","","X","매우높음","X"
"2022-06-01","서울","X","26.1","28.6","22.1","16.2","41.6","X","","X","매우높음","X"
"2022-06-02","서울","X","27.0","26.9","21.5","17.1","67.4","X","","X","매우높음","X"
"2022-06-03","서울","X","30.7","32.6","24.5","18.7","62.8","X","","X","매우높음","X"
"2022-06-04","서울","X","28.8","29.7","25.6","20.3","57.0","X","","X","높음","X"
"2022-06-05","서울","X","26.1","27.0","22.7","20.2","59.8","X","","X","보통","X"
"2022-06-06","서울","X","24.1","24.5","19.7","16.7","69.0","X","","X","보통","X"
"2022-06-07","서울","X","24.0","25.1","20.6","15.1","54.5","X","","X","낮음","X"
"2022-06-08","서울","X","25.4","25.8","21.2","16.2","61.6","X","","X","매우높음","X"
"2022-06-09","서울","X","24.9","24.5","20.9","18.5","76.1","X","","X","높음","O"
"2022-06-10","서울","X","26.5","26.6","20.9","17.2","75.8","X","","X","매우높음","O"
"2022-06-11","서울","X","30.7","32.7","24.6","17.7","59.6","X","","X","매우높음","O"
"2022-06-12","서울","X","29.7","31.5","24.6","18.9","58.9","X","","X","높음","X"
"2022-06-13","서울","X","29.0","29.2","23.6","19.6","68.5","X","","X","보통","X"
"2022-06-14","서울","X","26.1","27.1","21.5","17.7","56.4","X","","X","보통","X"
"2022-06-15","서울","X","22.5","20.1","17.5","14.9","92.4","X","","X","보통","X"
"2022-06-16","서울","X","24.9","24.8","20.3","17.6","78.4","X","","X","매우높음","X"
"2022-06-17","서울","X","28.4","28.1","22.5","16.5","76.4","X","","X","보통","X"
"2022-06-18","서울","X","26.7","25.1","23.3","22.0","79.6","X","관심","X","보통","X"
"2022-06-19","서울","X","26.7","25.1","23.4","22.3","81.6","X","관심","X","높음","X"
"2022-06-20","서울","X","29.6","29.0","25.2","22.0","76.6","X","관심","X","보통","X"
"2022-06-21","서울","X","32.4","32.6","26.5","21.2","72.6","X","관심","X","매우높음","X"
"2022-06-22","서울","X","30.7","31.0","25.9","21.9","71.1","X","관심","X","높음","X"
"2022-06-23","서울","X","28.6","26.4","24.3","23.3","89.1","X","","X","보통","O"
"2022-06-24","서울","X","26.8","24.9","22.6","20.6","90.9","X","","X","높음","X"
"2022-06-25","서울","X","31.9","30.5","26.0","21.5","80.4","O","관심","X","매우높음","X"
"2022-06-26","서울","X","30.1","28.1","26.5","24.8","82.1","O","관심","O","높음","O"
"2022-06-27","서울","X","30.1","28.1","26.8","25.4","84.4","X","주의","O","보통","X"
"2022-06-28","서울","X","29.7","27.9","26.9","25.7","81.9","X","","X","보통","X"
"2022-06-29","서울","X","29.1","26.1","25.1","24.4","95.5","X","","X","보통","X"
"2022-06-30","서울","X","27.8","24.5","22.3","21.2","99.3","X","관심","X","보통","O"
"2022-07-01","서울","X","31.8","30.9","26.6","21.9","83.3","O","관심","X","높음","O"
"2022-07-02","서울","O","33.7","33.8","28.8","24.0","72.8","O","주의","X","매우높음","O"
"2022-07-03","서울","O","33.7","34.2","29.3","24.4","68.6","O","주의","O","매우높음","X"
"2022-07-04","서울","O","33.1","32.6","29.3","26.4","71.8","O","주의","O","높음","O"
"2022-07-05","서울","O","33.7","33.1","29.2","26.7","73.8","O","경고","O","매우높음","O"
"2022-07-06","서울","O","34.1","33.3","29.5","26.2","76.0","O","경고","O","높음","X"
"2022-07-07","서울","X","32.7","31.0","28.2","26.4","82.3","O","경고","X","높음","O"
"2022-07-08","서울","X","29.6","27.9","25.8","24.0","84.4","X","관심","X","높음","X"
"2022-07-09","서울","X","32.0","30.9","26.9","24.0","82.1","O","주의","X","높음","O"
"2022-07-10","서울","O","34.6","35.1","29.2","24.6","68.0","O","주의","X","매우높음","O"
"2022-07-11","서울","X","31.3","30.6","27.0","24.7","75.0","X","주의","X","매우높음","X"
"2022-07-12","서울","X","30.7","29.4","26.8","23.2","73.1","X","관심","X","높음","X"
"2022-07-13","서울","X","29.0","27.1","25.0","24.0","93.9","X","","X","보통","X"
"2022-07-14","서울","X","30.9","29.9","25.7","23.3","84.6","X","","X","높음","X"
"2022-07-15","서울","X","30.9","30.3","26.0","23.0","76.5","X","관심","X","높음","X"
"2022-07-16","서울","X","29.5","28.2","24.8","23.2","83.4","X","관심","X","높음","X"
"2022-07-17","서울","X","30.6","29.7","25.5","22.5","78.9","X","관심","X","보통","X"
"2022-07-18","서울","X","31.1","30.1","26.8","23.1","76.0","X","","X","높음","O"
"2022-07-19","서울","X","31.6","31.1","27.4","24.3","74.1","X","관심","X","매우높음","O"
"2022-07-20","서울","X","30.9","30.4","27.1","24.3","76.1","X","관심","X","높음","X"
"2022-07-21","서울","X","27.2","25.2","23.2","20.8","87.6","X","관심","X","보통","X"
"2022-07-22","서울","X","29.4","27.5","25.1","22.9","81.5","X","","X","보통","X"
"2022-07-23","서울","X","29.3","28.0","24.8","22.3","83.6","X","","X","높음","X"
"2022-07-24","서울","X","30.1","28.4","25.0","22.0","86.9","X","관심","X","보통","X"
"2022-07-25","서울","X","32.2","32.0","27.5","23.6","75.0","O","관심","X","매우높음","O"
"2022-07-26","서울","O","33.2","33.1","28.9","24.4","72.5","O","주의","O","매우높음","O"
"2022-07-27","서울","O","33.4","33.4","29.3","26.4","66.3","O","주의","O","매우높음","X"
"2022-07-28","서울","O","34.1","34.4","29.7","25.1","63.8","O","주의","O","높음","O"
"2022-07-29","서울","O","34.5","34.3","30.7","27.3","68.1","O","주의","O","매우높음","X"
"2022-07-30","서울","O","35.7","36.1","30.9","27.3","68.4","O","경고","O","매우높음","X"
"2022-07-31","서울","X","30.8","29.0","27.2","25.4","85.8","X","경고","O","보통","X"
"2022-08-01","서울","O","33.8","32.4","28.6","25.4","82.4","X","관심","O","높음","O"
"2022-08-02","서울","X","30.6","28.5","26.8","25.5","90.0","X","관심","O","높음","X"
"2022-08-03","서울","X","32.0","30.0","27.1","25.2","90.1","X","관심","O","보통","X"
"2022-08-04","서울","O","33.9","32.9","28.9","26.0","79.3","O","관심","O","높음","X"
"2022-08-05","서울","O","33.6","32.7","29.4","27.0","76.6","O","주의","O","높음","X"
"2022-08-06","서울","X","32.5","30.3","28.7","27.4","85.3","O","주의","O","보통","X"
"2022-08-07","서울","O","33.4","31.7","28.9","27.2","82.1","O","주의","O","보통","O"
"2022-08-08","서울","X","30.9","28.4","26.8","","91.6","X","주의","O","보통","X"
"2022-08-09","서울","X","29.6","26.5","25.1","22.0","96.0","X","","X","보통","X"
"2022-08-10","서울","X","30.1","28.8","24.7","21.4","85.3","X","","X","보통","X"
"2022-08-11","서울","X","29.5","27.5","25.0","23.4","87.9","X","","X","보통","X"
"2022-08-12","서울","X","31.9","32.4","27.0","23.0","73.8","X","관심","O","매우높음","O"
"2022-08-13","서울","X","29.8","27.5","25.8","24.7","82.8","X","관심","X","보통","X"
"2022-08-14","서울","X","32.9","31.5","27.6","24.5","83.0","O","관심","O","보통","X"
"2022-08-15","서울","X","31.6","29.8","28.1","26.6","83.0","O","주의","X","보통","X"
"2022-08-16","서울","X","30.8","30.0","26.7","24.1","75.4","X","주의","X","매우높음","X"
"2022-08-17","서울","X","31.5","30.5","26.0","22.8","76.6","X","관심","X","높음","X"
"2022-08-18","서울","X","30.2","29.8","25.6","22.4","75.8","X","관심","X","보통","O"
"2022-08-19","서울","X","30.3","27.5","26.0","23.3","86.1","X","","O","낮음","X"
"2022-08-20","서울","X","32.9","32.0","28.2","25.7","80.0","O","","X","낮음","X"
"2022-08-21","서울","X","32.8","32.0","28.1","24.7","75.3","O","주의","O","낮음","X"
"2022-08-22","서울","X","31.2","30.2","26.8","22.9","75.6","X","주의","X","보통","X"
"2022-08-23","서울","X","30.6","30.2","25.4","22.4","75.0","X","관심","X","높음","X"
"2022-08-24","서울","X","28.6","27.9","24.8","22.4","66.9","X","","X","보통","X"
"2022-08-25","서울","X","26.1","24.0","22.2","21.1","78.0","X","","X","보통","X"
"2022-08-26","서울","X","28.8","28.4","23.8","19.9","75.3","X","","X","매우높음","X"
"2022-08-27","서울","X","25.4","25.5","21.5","17.6","63.1","X","","X","매우높음","X"
"2022-08-28","서울","X","27.1","28.4","22.6","16.1","59.4","X","","X","매우높음","X"
"2022-08-29","서울","X","24.0","22.5","21.0","19.5","74.0","X","","X","보통","X"
"2022-08-30","서울","X","22.8","20.3","19.1","17.9","96.3","X","","X","낮음","X"
"2022-08-31","서울","X","26.4","24.9","21.7","19.6","83.3","X","","X","높음","X"
"2022-09-01","서울","X","30.1","30.4","24.0","18.3","70.8","X","","X","매우높음","X"
"2022-09-02","서울","X","29.4","29.8","24.7","20.3","61.8","X","","X","높음","X"
"2022-09-03","서울","X","29.4","29.2","24.2","20.5","63.0","X","","X","보통","O"
"2022-09-04","서울","X","27.3","24.0","22.3","19.8","88.6","X","","X","낮음","X"
"2022-09-05","서울","X","25.8","22.7","19.2","17.7","95.9","X","","X","보통","X"
"2022-09-06","서울","X","25.9","26.3","21.0","17.0","78.0","X","","X","높음","X"
"2022-09-07","서울","X","26.9","28.1","22.8","17.9","65.3","X","","X","높음","X"
"2022-09-08","서울","X","28.5","29.5","23.2","16.7","65.5","X","","X","매우높음","X"
"2022-09-09","서울","X","29.4","30.8","24.3","18.9","59.1","X","","X","매우높음","X"
"2022-09-10","서울","X","27.4","28.4","23.6","19.0","52.3","X","","X","높음","X"
"2022-09-11","서울","X","26.7","26.4","23.3","20.6","68.6","X","","X","보통","X"
"2022-09-12","서울","X","28.3","27.5","23.8","20.3","76.1","X","","X","높음","X"
"2022-09-13","서울","X","27.5","26.4","24.3","21.8","73.0","X","","X","보통","X"
"2022-09-14","서울","X","27.9","27.9","24.6","22.7","56.9","X","","X","보통","X"
"2022-09-15","서울","X","28.8","28.3","25.2","22.0","66.9","X","","X","높음","X"
"2022-09-16","서울","X","30.9","29.9","25.7","23.4","78.6","X","","X","보통","O"
"2022-09-17","서울","X","30.7","29.4","25.6","23.3","83.1","X","관심","X","보통","X"
"2022-09-18","서울","X","32.8","32.5","27.1","23.0","75.3","X","관심","X","보통","X"
"2022-09-19","서울","X","29.4","29.6","24.6","19.5","63.1","X","","X","높음","X"
"2022-09-20","서울","X","23.4","24.6","19.9","16.1","57.0","X","","X","높음","X"
"2022-09-21","서울","X","24.4","25.6","19.4","13.0","56.9","X","","X","높음","X"
"2022-09-22","서울","X","24.2","24.7","19.8","14.2","60.1","X","","X","높음","X"
"2022-09-23","서울","X","23.0","22.2","17.5","14.7","68.9","X","","X","보통","X"
"2022-09-24","서울","X","23.2","24.2","18.5","12.3","64.6","X","","X","높음","X"
"2022-09-25","서울","X","24.1","25.2","19.6","15.4","63.3","X","","X","보통","X"
"2022-09-26","서울","X","24.0","25.4","20.0","14.8","58.5","X","","X","보통","X"
"2022-09-27","서울","X","26.2","28.0","20.9","14.0","59.0","X","","X","높음","X"
"2022-09-28","서울","X","25.8","26.1","20.4","16.1","71.0","X","","X","보통","X"
"2022-09-29","서울","X","25.4","26.5","20.4","16.4","73.5","X","","X","높음","X"
"2022-09-30","서울","X","26.3","27.7","20.7","14.8","68.0","X","","X","높음","X"
"2023-05-01","서울","X","19.2","20.8","14.6","9.8","57.0","X","","X","높음","X"
"2023-05-02","서울","X","21.1","23.7","16.7","9.1","40.5","X","","X","매우높음","X"
"2023-05-03","서울","X","24.3","26.2","19.5","12.4","52.5","X","","X","매우높음","X"
"2023-05-04","서울","X","25.6","25.8","21.4","15.6","65.5","X","","X","높음","X"
"2023-05-05","서울","X","23.5","21.6","18.4","15.5","95.3","X","","X","낮음","X"
"2023-05-06","서울","X","18.4","15.5","12.6","11.7","85.6","X","","X","보통","X"
"2023-05-07","서울","X","17.7","18.6","14.4","11.1","47.1","X","","X","보통","X"
"2023-05-08","서울","X","20.8","22.0","15.3","7.9","55.3","X","","X","매우높음","X"
"2023-05-09","서울","X","22.7","24.4","17.0","10.0","55.4","X","","X","매우높음","X"
"2023-05-10","서울","X","23.6","26.0","18.4","10.7","53.3","X","","X","높음","X"
"2023-05-11","서울","X","24.8","26.7","19.5","12.8","50.1","X","","X","매우높음","X"
"2023-05-12","서울","X","22.3","24.7","18.4","13.1","50.9","X","","X","높음","X"
"2023-05-13","서울","X","23.0","23.9","17.8","12.6","62.0","X","","X","매우높음","X"
"2023-05-14","서울","X","22.6","23.8","18.1","12.9","56.5","X","","X","높음","X"
"2023-05-15","서울","X","26.3","27.9","20.6","12.8","54.6","X","","X","매우높음","X"
"2023-05-16","서울","X","29.4","31.2","24.0","17.2","51.9","X","","X","매우높음","X"
"2023-05-17","서울","X","27.2","28.7","23.5","18.6","63.6","X","","X","매우높음","X"
"2023-05-18","서울","X","27.2","27.6","21.2","18.8","74.8","X","","X","높음","X"
"2023-05-19","서울","X","27.1","27.8","22.3","16.7","61.4","X","","X","매우높음","X"
"2023-05-20","서울","X","26.8","26.7","21.2","16.6","66.9","X","","X","높음","X"
"2023-05-21","서울","X","21.6","21.9","17.8","15.3","74.0","X","","X","매우높음","X"
"2023-05-22","서울","X","24.7","26.8","20.3","15.9","61.3","X","","X","매우높음","X"
"2023-05-23","서울","X","24.6","26.9","20.5","14.1","48.0","X","","X","매우높음","X"
"2023-05-24","서울","X","24.4","25.9","20.6","14.8","49.8","X","","X","높음","X"
"2023-05-25","서울","X","24.9","27.4","21.2","15.7","46.6","X","","X","매우높음","X"
"2023-05-26","서울","X","26.0","27.3","21.4","15.8","57.4","X","","X","높음","X"
"2023-05-27","서울","X","22.7","20.7","19.3","18.6","87.4","X","","X","보통","X"
"2023-05-28","서울","X","23.4","20.2","19.2","18.4","98.9","X","","X","낮음","X"
"2023-05-29","서울","X","29.2","28.5","23.2","19.0","83.4","X","","X","보통","X"
"2023-05-30","서울","X","28.6","28.9","24.0","20.5","69.5","X","","X","높음","X"
"2023-05-31","서울","X","27.6","28.2","22.8","18.8","60.8","X","","X","보통","X"
"2023-06-01","서울","X","26.7","26.3","22.8","19.7","66.9","X","","X","보통","X"
"2023-06-02","서울","X","25.6","25.0","20.4","17.9","77.4","X","","X","높음","X"
"2023-06-03","서울","X","26.4","27.8","22.0","16.6","60.1","X","","X","매우높음","X"
"2023-06-04","서울","X","26.4","28.0","22.1","16.9","61.0","X","","X","매우높음","O"
"2023-06-05","서울","X","25.8","26.3","21.5","17.6","66.9","X","","X","매우높음","X"
"2023-06-06","서울","X","25.1","25.2","20.3","17.3","72.9","X","","X","높음","X"
"2023-06-07","서울","X","26.6","25.7","21.4","18.9","75.3","X","","X","보통","X"
"2023-06-08","서울","X","24.9","23.9","20.4","18.3","80.5","X","","X","보통","X"
"2023-06-09","서울","X","27.4","28.4","23.3","18.3","64.0","X","","X","매우높음","X"
"2023-06-10","서울","X","28.1","28.5","23.2","19.6","70.0","X","","X","보통","X"
"2023-06-11","서울","X","27.4","27.3","22.1","17.9","76.1","X","","X","높음","X"
"2023-06-12","서울","X","27.1","27.5","22.2","18.4","70.5","X","","X","매우높음","X"
"2023-06-13","서울","X","26.3","26.0","22.0","19.2","70.0","X","","X","높음","X"
"2023-06-14","서울","X","25.2","25.0","20.6","17.5","80.3","X","","X","높음","X"
"2023-06-15","서울","X","28.2","28.3","22.7","17.7","70.8","X","","X","높음","X"
"2023-06-16","서울","X","28.4","28.9","23.7","19.1","64.4","X","","X","매우높음","O"
"2023-06-17","서울","X","29.4","30.2","24.2","18.9","57.1","X","관심","X","매우높음","X"
"2023-06-18","서울","X","31.6","32.6","25.9","20.8","60.5","O","관심","X","높음","X"
"2023-06-19","서울","X","32.9","34.0","28.5","23.3","57.8","O","주의","X","매우높음","O"
"2023-06-20","서울","X","27.2","26.4","24.7","21.4","64.5","X","","X","보통","X"
"2023-06-21","서울","X","24.7","22.1","20.5","19.2","92.6","X","","X","보통","X"
"2023-06-22","서울","X","27.2","26.4","22.5","18.9","77.1","X","","X","높음","X"
"2023-06-23","서울","X","29.8","29.9","24.4","20.0","76.6","X","관심","X","높음","X"
"2023-06-24","서울","X","31.4","31.1","26.4","21.9","70.5","X","관심","X","매우높음","O"
"2023-06-25","서울","X","32.8","33.1","28.2","22.8","64.9","X","관심","X","매우높음","X"
"2023-06-26","서울","X","28.1","27.5","24.2","22.3","88.6","X","","X","낮음","X"
"2023-06-27","서울","X","29.2","29.1","25.3","21.4","73.1","X","","X","매우높음","X"
"2023-06-28","서울","X","30.8","30.1","26.5","24.2","77.4","X","","O","높음","O"
"2023-06-29","서울","X","28.4","25.9","24.2","23.2","95.4","X","","X","낮음","X"
"2023-06-30","서울","X","30.9","29.1","25.3","23.2","89.8","O","","X","보통","X"
"2023-07-01","서울","O","33.6","32.9","27.7","23.3","76.9","O","주의","X","매우높음","O"
"2023-07-02","서울","X","31.7","30.6","26.7","23.5","79.5","O","주의","X","높음","X"
"2023-07-03","서울","O","34.3","34.9","29.1","24.1","72.0","O","주의","O","매우높음","O"
"2023-07-04","서울","X","30.6","29.2","26.1","24.5","86.8","X","관심","X","매우높음","X"
"2023-07-05","서울","X","28.4","27.1","24.5","22.1","82.6","X","관심","X","높음","X"
"2023-07-06","서울","X","32.2","31.8","27.3","22.4","70.9","X","관심","X","매우높음","X"
"2023-07-07","서울","X","31.3","31.4","26.7","23.3","64.9","X","관심","X","매우높음","O"
"2023-07-08","서울","X","30.8","29.7","25.6","22.4","76.5","X","관심","O","높음","O"
"2023-07-09","서울","X","29.1","27.0","24.7","21.6","86.4","X","관심","X","보통","X"
"2023-07-10","서울","X","31.6","30.9","26.3","22.9","80.4","X","관심","X","낮음","X"
"2023-07-11","서울","X","28.6","25.9","23.5","21.6","92.4","X","관심","X","높음","X"
"2023-07-12","서울","X","30.7","29.1","25.8","22.0","86.4","X","관심","O","보통","O"
"2023-07-13","서울","X","29.6","26.5","25.2","24.7","95.0","X","","X","보통","X"
"2023-07-14","서울","X","28.5","25.1","24.6","23.9","99.1","X","","X","낮음","X"
"2023-07-15","서울","X","28.6","25.7","24.5","23.7","93.5","X","","X","보통","X"
"2023-07-16","서울","X","28.4","25.4","24.6","23.7","89.5","X","","X","보통","X"
"2023-07-17","서울","X","29.6","27.8","25.5","23.7","86.1","X","","X","보통","O"
"2023-07-18","서울","X","29.6","27.7","25.2","24.1","87.9","X","관심","X","낮음","X"
"2023-07-19","서울","X","32.9","32.4","27.2","22.5","78.8","O","관심","X","매우높음","O"
"2023-07-20","서울","O","33.0","32.8","27.9","24.0","74.0","O","주의","X","매우높음","O"
"2023-07-21","서울","O","33.9","34.3","29.5","24.6","69.6","O","경고","O","매우높음","O"
"2023-07-22","서울","X","32.6","32.5","27.7","24.6","73.9","O","경고","X","매우높음","X"
"2023-07-23","서울","X","28.9","25.8","25.2","24.5","94.3","X","경고","X","낮음","X"
"2023-07-24","서울","X","31.5","30.0","26.9","24.6","83.1","X","","O","매우높음","X"
"2023-07-25","서울","X","31.9","30.5","27.8","25.8","80.5","O","관심","X","매우높음","X"
"2023-07-26","서울","X","32.6","31.1","27.6","24.9","80.9","O","주의","X","높음","X"
"2023-07-27","서울","O","33.1","32.2","28.4","24.4","78.1","O","주의","O","매우높음","O"
"2023-07-28","서울","O","34.0","34.1","29.5","25.4","72.4","O","주의","O","매우높음","O"
"2023-07-29","서울","O","34.0","33.3","29.1","26.1","72.1","O","경고","X","매우높음","O"
"2023-07-30","서울","O","34.7","34.9","28.8","24.9","72.5","O","경고","O","매우높음","O"
"2023-07-31","서울","O","34.1","33.4","28.7","25.6","76.3","O","경고","O","높음","O"
"2023-08-01","서울","O","34.6","34.2","29.9","25.5","71.6","O","경고","O","매우높음","X"
"2023-08-02","서울","O","33.8","33.7","29.7","26.8","67.8","O","경고","O","매우높음","O"
"2023-08-03","서울","O","34.1","33.8","29.5","25.8","67.0","O","경고","O","높음","O"
"2023-08-04","서울","O","34.5","34.4","30.0","26.5","67.6","O","경고","O","높음","O"
"2023-08-05","서울","O","34.7","34.9","30.3","26.4","69.0","O","경고","O","매우높음","O"
"2023-08-06","서울","O","34.2","33.0","29.8","27.0","76.5","O","경고","O","높음","O"
"2023-08-07","서울","O","34.9","34.6","30.4","27.3","68.4","O","경고","O","높음","O"
"2023-08-08","서울","O","35.3","35.8","30.9","26.4","60.5","O","경고","O","높음","O"
"2023-08-09","서울","X","32.1","31.6","28.3","25.1","67.6","O","경고","X","높음","O"
"2023-08-10","서울","X","27.2","25.1","22.2","20.9","91.9","X","주의","X","낮음","O"
"2023-08-11","서울","X","27.6","24.9","23.5","21.6","93.1","X","","X","낮음","O"
"2023-08-12","서울","X","26.8","24.1","23.3","22.5","91.0","X","관심","X","보통","X"
"2023-08-13","서울","X","32.0","31.1","27.0","22.6","76.9","O","관심","X","보통","X"
"2023-08-14","서울","X","32.7","31.9","28.1","24.8","75.4","O","주의","X","높음","X"
"2023-08-15","서울","O","33.4","32.7","28.6","24.7","71.4","O","주의","X","보통","O"
"2023-08-16","서울","X","32.1","31.6","27.3","24.7","72.0","O","주의","X","높음","O"
"2023-08-17","서울","X","32.7","32.4","28.2","24.5","73.0","O","주의","O","높음","X"
"2023-08-18","서울","O","33.8","33.3","29.1","25.5","72.1","O","주의","O","높음","O"
"2023-08-19","서울","O","33.7","33.6","29.1","26.4","68.9","O","주의","O","보통","X"
"2023-08-20","서울","X","32.4","31.8","28.3","25.5","71.8","O","주의","O","보통","X"
"2023-08-21","서울","O","34.0","33.6","29.5","26.0","69.8","O","주의","O","보통","O"
"2023-08-22","서울","X","32.8","32.2","27.6","25.8","80.3","O","주의","O","보통","X"
"2023-08-23","서울","X","29.5","27.2","24.8","23.2","91.3","X","관심","X","낮음","X"
"2023-08-24","서울","X","29.6","27.8","25.1","22.3","84.8","X","","X","보통","X"
"2023-08-25","서울","X","30.8","30.0","26.5","24.0","77.9","X","관심","X","보통","X"
"2023-08-26","서울","X","30.8","30.3","26.4","23.3","72.3","X","관심","X","매우높음","X"
"2023-08-27","서울","X","30.6","29.6","26.1","22.7","75.0","X","관심","X","보통","X"
"2023-08-28","서울","X","27.4","25.6","22.7","20.8","87.5","X","","X","보통","X"
"2023-08-29","서울","X","28.3","25.5","23.9","22.5","89.6","X","","X","낮음","X"
"2023-08-30","서울","X","26.6","24.5","22.8","21.5","88.0","X","","X","보통","X"
"2023-08-31","서울","X","28.7","28.9","23.9","21.0","76.9","X","","X","높음","X"
"2023-09-01","서울","X","29.1","29.6","24.5","19.7","70.6","X","","X","높음","X"
"2023-09-02","서울","X","30.0","30.8","25.4","19.7","63.9","X","관심","X","매우높음","X"
"2023-09-03","서울","X","30.2","28.8","25.8","23.1","77.8","X","관심","X","보통","X"
"2023-09-04","서울","X","31.4","30.2","27.0","24.3","79.9","X","관심","O","높음","X"
"2023-09-05","서울","O","33.0","32.8","28.5","25.0","69.5","O","관심","X","높음","X"
"2023-09-06","서울","X","31.5","32.1","27.9","24.0","65.1","O","주의","X","높음","X"
"2023-09-07","서울","X","30.0","31.6","26.3","20.9","54.8","X","주의","X","높음","X"
"2023-09-08","서울","X","29.7","30.5","25.3","19.6","60.3","X","","X","높음","X"
"2023-09-09","서울","X","30.6","31.2","25.8","20.8","66.3","X","관심","X","높음","X"
"2023-09-10","서울","X","29.9","29.6","25.7","22.0","68.1","X","관심","X","보통","X"
"2023-09-11","서울","X","29.8","29.8","25.5","23.1","67.3","X","관심","X","높음","X"
"2023-09-12","서울","X","30.1","29.8","25.7","21.7","69.8","X","","X","보통","X"
"2023-09-13","서울","X","26.5","24.6","22.1","19.6","84.5","X","","X","보통","X"
"2023-09-14","서울","X","27.9","27.2","23.4","19.2","72.4","X","","X","보통","X"
"2023-09-15","서울","X","26.1","24.3","22.3","20.3","82.3","X","","X","낮음","X"
"2023-09-16","서울","X","28.5","26.6","23.9","22.0","87.8","X","","X","보통","X"
"2023-09-17","서울","X","29.6","28.0","24.7","22.0","84.8","X","","X","보통","X"
"2023-09-18","서울","X","29.9","28.9","24.7","22.1","79.1","X","","X","보통","X"
"2023-09-19","서울","X","28.2","27.2","24.1","21.6","81.1","X","","X","높음","X"
"2023-09-20","서울","X","26.3","23.9","20.6","18.8","90.4","X","","X","낮음","X"
"2023-09-21","서울","X","23.9","23.6","20.1","17.5","70.9","X","","X","낮음","X"
"2023-09-22","서울","X","25.7","26.7","20.5","15.2","68.4","X","","X","낮음","X"
"2023-09-23","서울","X","26.5","27.6","21.8","16.3","63.9","X","","X","낮음","X"
"2023-09-24","서울","X","25.0","26.2","21.8","17.9","56.4","X","","X","낮음","X"
"2023-09-25","서울","X","25.8","26.0","21.6","17.9","66.4","X","","X","낮음","X"
"2023-09-26","서울","X","23.7","20.8","19.9","18.6","95.8","X","","X","낮음","X"
"2023-09-27","서울","X","25.9","23.7","21.5","20.0","90.1","X","","X","낮음","X"
"2023-09-28","서울","X","27.8","27.3","22.7","19.6","78.3","X","","X","낮음","O"
"2023-09-29","서울","X","25.4","26.9","21.1","17.4","61.5","X","","X","낮음","X"
"2023-09-30","서울","X","24.0","22.2","19.7","17.1","77.0","X","","X","낮음","X"
"2024-05-01","서울","X","21.8","24.0","18.5","13.9","46.0","X","","X","낮음","X"
"2024-05-02","서울","X","21.9","23.7","18.1","12.4","48.4","X","","X","낮음","X"
"2024-05-03","서울","X","25.3","27.9","19.7","12.2","46.9","X","","X","낮음","X"
"2024-05-04","서울","X","25.8","28.5","21.4","14.6","44.8","X","","X","낮음","X"
"2024-05-05","서울","X","21.7","20.6","17.8","15.7","87.4","X","","X","낮음","X"
"2024-05-06","서울","X","18.4","15.7","13.9","13.4","92.9","X","","X","낮음","X"
"2024-05-07","서울","X","16.2","15.0","13.3","12.2","77.3","X","","X","낮음","X"
"2024-05-08","서울","X","20.4","21.4","14.7","9.0","58.8","X","","X","낮음","X"
"2024-05-09","서울","X","20.6","21.8","16.1","10.9","63.6","X","","X","낮음","X"
"2024-05-10","서울","X","22.6","23.8","17.9","12.5","55.6","X","","X","낮음","X"
"2024-05-11","서울","X","22.5","22.0","17.0","14.0","80.0","X","","X","낮음","X"
"2024-05-12","서울","X","21.2","21.6","16.6","11.9","65.0","X","","X","낮음","X"
"2024-05-13","서울","X","22.9","24.5","18.3","11.9","51.9","X","","X","낮음","X"
"2024-05-14","서울","X","22.6","24.7","18.8","12.7","43.3","X","","X","낮음","X"
"2024-05-15","서울","X","19.3","18.8","12.6","7.2","74.3","X","","X","낮음","X"
"2024-05-16","서울","X","18.8","19.8","13.7","6.9","61.3","X","","X","낮음","X"
"2024-05-17","서울","X","24.2","24.9","18.3","10.8","63.6","X","심각","X","낮음","X"
"2024-05-18","서울","X","26.1","26.5","20.7","16.0","65.3","X","","X","낮음","X"
"2024-05-19","서울","X","26.9","27.9","21.5","15.9","63.1","X","","X","낮음","X"
"2024-05-20","서울","X","23.8","22.8","19.4","16.8","75.0","X","","X","낮음","X"
"2024-05-21","서울","X","27.4","28.3","21.7","16.3","68.1","X","","X","낮음","X"
"2024-05-22","서울","X","25.3","25.5","20.5","16.4","68.9","X","","X","낮음","X"
"2024-05-23","서울","X","26.2","26.4","20.2","15.8","67.9","X","","X","낮음","X"
"2024-05-24","서울","X","25.4","24.7","20.1","15.7","75.1","X","","X","낮음","X"
"2024-05-25","서울","X","24.4","24.7","21.4","18.7","62.8","X","","X","낮음","X"
"2024-05-26","서울","X","23.4","23.7","19.9","17.0","74.3","X","","X","낮음","X"
"2024-05-27","서울","X","22.1","22.6","18.5","14.1","63.4","X","","X","낮음","X"
"2024-05-28","서울","X","24.4","26.1","20.4","14.3","54.8","X","","X","낮음","X"
"2024-05-29","서울","X","25.0","26.8","21.2","15.4","51.6","X","","X","낮음","X"
"2024-05-30","서울","X","23.6","24.6","20.7","16.2","49.1","X","","X","낮음","X"
"2024-05-31","서울","X","24.3","25.4","20.4","16.9","60.0","X","","X","낮음","X"
"2024-06-01","서울","X","24.0","25.2","20.7","17.5","61.3","X","","X","낮음","X"
"2024-06-02","서울","X","24.7","25.8","20.4","15.7","51.9","X","","X","낮음","X"
"2024-06-03","서울","X","26.6","28.7","22.2","15.7","47.4","X","","X","낮음","X"
"2024-06-04","서울","X","27.0","29.3","22.8","16.3","42.1","X","","X","낮음","O"
"2024-06-05","서울","X","28.9","30.1","23.6","18.1","53.9","X","","X","낮음","X"
"2024-06-06","서울","X","29.3","31.4","24.1","19.3","54.3","X","","X","낮음","X"
"2024-06-07","서울","X","26.9","28.0","23.1","18.3","54.3","X","","X","낮음","X"
"2024-06-08","서울","X","25.4","25.0","20.3","17.9","79.5","X","","X","낮음","X"
"2024-06-09","서울","X","28.5","28.8","22.9","17.4","68.9","X","","X","낮음","X"
"2024-06-10","서울","X","30.4","31.1","24.7","19.0","66.3","X","","X","낮음","X"
"2024-06-11","서울","X","30.8","31.6","25.4","21.7","62.4","X","","X","낮음","O"
"2024-06-12","서울","X","30.5","31.8","24.8","19.2","60.8","X","","X","낮음","X"
"2024-06-13","서울","X","30.9","32.8","26.4","20.0","51.4","X","관심","X","낮음","O"
"2024-06-14","서울","X","31.4","33.0","26.3","21.4","56.0","X","관심","X","낮음","X"
"2024-06-15","서울","X","28.5","28.2","24.2","21.8","72.3","X","","X","낮음","X"
"2024-06-16","서울","X","28.5","29.5","24.3","19.9","58.4","X","","X","낮음","X"
"2024-06-17","서울","X","27.9","30.2","24.8","18.9","48.4","X","","X","낮음","X"
"2024-06-18","서울","X","31.5","32.9","26.0","20.4","59.5","X","관심","X","낮음","O"
"2024-06-19","서울","O","33.6","35.8","28.8","21.4","54.3","O","관심","X","낮음","X"
"2024-06-20","서울","X","32.7","35.4","29.4","23.4","45.1","O","주의","X","낮음","X"
"2024-06-21","서울","X","31.7","33.9","28.1","22.9","49.8","O","주의","O","낮음","O"
"2024-06-22","서울","X","27.3","26.1","24.2","22.6","80.6","O","주의","X","낮음","X"
"2024-06-23","서울","X","30.7","30.1","25.1","22.5","79.5","X","","X","낮음","X"
"2024-06-24","서울","X","28.6","27.9","24.3","21.2","70.4","X","","X","낮음","O"
"2024-06-25","서울","X","26.6","27.2","22.9","19.1","61.9","X","","X","낮음","X"
"2024-06-26","서울","X","30.2","31.6","24.9","18.9","61.0","X","","X","낮음","X"
"2024-06-27","서울","X","30.0","31.6","26.3","20.6","55.0","X","관심","X","낮음","X"
"2024-06-28","서울","X","30.9","32.5","26.6","21.3","54.6","X","관심","X","낮음","X"
"2024-06-29","서울","X","31.4","32.3","26.7","21.6","65.1","X","관심","X","낮음","O"
"2024-06-30","서울","X","27.6","24.9","23.5","22.0","88.5","X","관심","X","낮음","X"
"2024-07-01","서울","X","30.9","31.3","26.3","22.0","69.1","X","관심","X","낮음","X"
"2024-07-02","서울","X","27.1","25.2","23.2","21.9","90.0","X","","X","낮음","X"
"2024-07-03","서울","X","27.6","25.9","24.7","23.6","80.3","X","","X","낮음","X"
"2024-07-04","서울","X","31.1","30.6","26.8","23.2","74.8","X","","X","낮음","X"
"2024-07-05","서울","X","28.3","26.1","23.4","21.3","80.5","X","관심","X","낮음","X"
"2024-07-06","서울","X","31.6","30.0","25.1","22.1","84.1","X","관심","X","낮음","X"
"2024-07-07","서울","X","29.5","28.2","24.4","21.5","85.1","X","관심","X","낮음","X"
"2024-07-08","서울","X","27.4","24.5","23.8","23.1","93.4","X","","X","낮음","X"
"2024-07-09","서울","X","28.7","26.7","24.5","22.7","86.9","X","","X","낮음","X"
"2024-07-10","서울","X","31.6","31.1","26.6","22.7","77.1","O","관심","X","낮음","X"
"2024-07-11","서울","X","30.1","28.9","25.7","23.3","79.6","O","주의","X","낮음","O"
"2024-07-12","서울","X","31.0","30.2","25.6","21.8","79.5","O","주의","X","낮음","X"
"2024-07-13","서울","X","32.9","33.3","28.1","23.5","70.0","O","주의","X","낮음","X"
"2024-07-14","서울","X","32.3","32.1","28.4","24.9","65.9","O","주의","X","낮음","X"
"2024-07-15","서울","X","31.7","31.3","28.4","24.5","64.6","O","주의","O","낮음","O"
"2024-07-16","서울","X","31.6","30.7","27.0","24.6","78.4","X","주의","X","낮음","X"
"2024-07-17","서울","X","30.1","28.1","25.4","24.1","91.6","X","","X","낮음","X"
"2024-07-18","서울","X","28.5","25.6","24.3","23.1","95.3","X","","X","낮음","X"
"2024-07-19","서울","X","31.6","30.8","27.0","24.2","80.1","X","관심","O","낮음","X"
"2024-07-20","서울","X","31.9","30.6","27.2","25.1","80.4","X","관심","X","낮음","X"
"2024-07-21","서울","X","31.5","29.8","26.5","22.5","83.6","X","관심","O","낮음","X"
"2024-07-22","서울","X","30.3","27.9","26.6","24.3","89.0","O","관심","O","낮음","X"
"2024-07-23","서울","X","29.7","27.3","26.4","25.8","87.9","O","관심","O","낮음","O"
"2024-07-24","서울","X","32.6","30.9","28.1","26.0","85.0","O","관심","O","낮음","X"
"2024-07-25","서울","O","33.3","32.2","28.8","25.4","79.8","O","주의","O","낮음","O"
"2024-07-26","서울","O","34.1","32.7","28.7","25.2","81.9","O","경고","O","낮음","X"
"2024-07-27","서울","O","33.0","31.7","28.9","27.5","83.6","O","경고","O","낮음","O"
"2024-07-28","서울","O","33.0","32.2","29.2","27.3","76.0","O","경고","O","낮음","X"
"2024-07-29","서울","X","30.0","27.8","27.4","26.8","84.0","O","경고","O","낮음","X"
"2024-07-30","서울","O","33.2","31.9","28.6","26.3","78.8","O","주의","O","낮음","X"
"2024-07-31","서울","O","33.8","33.3","29.4","27.0","74.5","O","주의","O","낮음","O"
"2024-08-01","서울","O","34.2","33.2","29.9","27.3","75.5","O","경고","O","낮음","X"
"2024-08-02","서울","O","33.9","32.5","29.6","28.2","79.4","O","경고","O","낮음","O"
"2024-08-03","서울","O","34.7","34.2","30.2","27.2","75.0","O","경고","O","낮음","O"
"2024-08-04","서울","O","36.1","36.2","31.8","27.3","69.3","O","경고","O","낮음","O"
"2024-08-05","서울","O","34.7","33.7","30.0","26.9","75.5","O","경고","O","낮음","O"
"2024-08-06","서울","O","34.0","33.5","29.5","25.6","74.8","O","경고","O","낮음","O"
"2024-08-07","서울","O","33.7","33.4","29.6","27.2","72.0","O","경고","O","낮음","O"
"2024-08-08","서울","X","32.6","31.6","28.5","26.9","77.5","O","경고","O","낮음","X"
"2024-08-09","서울","O","33.9","33.6","29.3","25.6","74.1","O","경고","O","낮음","O"
"2024-08-10","서울","O","33.9","33.6","30.0","26.4","70.8","O","경고","O","낮음","O"
"2024-08-11","서울","O","34.4","34.4","30.8","27.8","67.8","O","경고","O","낮음","O"
"2024-08-12","서울","O","34.6","34.1","31.1","28.2","70.5","O","경고","O","낮음","O"
"2024-08-13","서울","O","36.1","36.4","31.3","28.1","70.0","O","경고","O","낮음","O"
"2024-08-14","서울","O","35.1","34.9","30.0","27.3","73.0","O","경고","O","낮음","O"
"2024-08-15","서울","O","34.7","34.6","29.2","26.7","74.6","O","경고","O","낮음","O"
"2024-08-16","서울","O","34.5","34.3","29.8","26.8","69.4","O","경고","O","낮음","X"
"2024-08-17","서울","O","34.1","34.0","29.8","27.2","71.0","O","경고","O","낮음","O"
"2024-08-18","서울","O","34.4","33.9","29.5","27.0","73.8","O","경고","O","낮음","O"
"2024-08-19","서울","O","34.8","35.3","29.7","26.3","72.3","O","경고","O","낮음","O"
"2024-08-20","서울","O","35.4","35.4","31.4","27.0","68.3","O","경고","O","낮음","X"
"2024-08-21","서울","X","32.3","30.8","28.4","26.9","85.9","O","경고","O","낮음","O"
"2024-08-22","서울","X","32.0","30.3","28.6","27.1","79.9","O","주의","O","낮음","O"
"2024-08-23","서울","X","32.6","31.8","28.4","26.4","73.5","O","주의","O","낮음","O"
"2024-08-24","서울","X","32.2","30.9","27.6","25.1","78.8","O","주의","X","낮음","X"
"2024-08-25","서울","O","33.2","32.7","28.5","24.9","76.6","O","경고","O","낮음","X"
"2024-08-26","서울","X","31.8","30.6","28.1","25.6","77.8","O","경고","O","낮음","X"
"2024-08-27","서울","X","30.4","30.3","26.5","24.6","69.8","O","주의","X","낮음","X"
"2024-08-28","서울","X","32.8","33.2","28.2","23.0","62.1","O","주의","X","낮음","X"
"2024-08-29","서울","O","33.2","33.5","28.4","23.4","61.0","O","주의","X","낮음","X"
"2024-08-30","서울","X","32.4","32.9","28.0","23.7","64.0","O","주의","X","낮음","O"
"2024-08-31","서울","X","31.9","33.0","27.6","22.6","65.6","O","주의","X","낮음","O"
"2024-09-01","서울","X","30.7","31.6","27.1","24.6","64.9","X","주의","X","낮음","X"
"2024-09-02","서울","X","28.1","26.9","24.5","22.2","73.6","X","","X","낮음","X"
"2024-09-03","서울","X","31.1","32.0","27.0","23.2","54.5","X","관심","X","낮음","X"
"2024-09-04","서울","X","32.3","33.3","27.9","23.2","61.4","X","관심","O","낮음","X"
"2024-09-05","서울","X","29.7","28.8","26.3","25.6","79.1","X","관심","X","낮음","X"
"2024-09-06","서울","X","27.9","25.7","24.0","23.3","79.3","X","관심","X","낮음","X"
"2024-09-07","서울","X","31.1","31.3","26.5","22.8","68.9","X","관심","X","낮음","X"
"2024-09-08","서울","X","32.2","32.8","27.2","22.6","69.6","O","관심","X","낮음","X"
"2024-09-09","서울","O","33.8","34.1","28.5","24.1","69.0","O","주의","O","낮음","O"
"2024-09-10","서울","O","33.9","33.9","29.4","25.6","67.3","O","주의","O","낮음","O"
"2024-09-11","서울","O","34.6","34.6","29.0","25.4","71.5","O","주의","O","낮음","X"
"2024-09-12","서울","X","29.6","27.1","25.4","24.8","91.5","O","경고","X","낮음","X"
"2024-09-13","서울","X","30.2","28.0","25.9","24.2","91.4","X","관심","O","낮음","O"
"2024-09-14","서울","X","32.7","32.2","28.0","25.2","80.3","X","관심","X","낮음","X"
"2024-09-15","서울","O","33.1","32.4","27.5","24.2","73.6","O","관심","X","낮음","X"
"2024-09-16","서울","X","32.7","32.2","26.8","21.3","74.0","O","주의","O","낮음","X"
"2024-09-17","서울","O","34.0","33.2","28.6","25.8","77.0","O","주의","O","낮음","O"
"2024-09-18","서울","O","34.3","33.6","29.4","26.5","76.8","O","주의","O","낮음","O"
"2024-09-19","서울","O","33.6","32.6","29.1","25.6","77.4","O","경고","O","낮음","X"
"2024-09-20","서울","X","30.8","28.6","25.0","17.9","89.8","X","경고","X","낮음","X"
"2024-09-21","서울","X","23.4","21.9","19.3","17.1","82.3","X","","X","낮음","X"
"2024-09-22","서울","X","26.6","26.7","21.0","16.9","67.4","X","","X","낮음","X"
"2024-09-23","서울","X","25.3","26.1","20.8","16.6","58.3","X","","X","낮음","X"
"2024-09-24","서울","X","25.6","26.9","21.0","15.6","57.9","X","","X","낮음","X"
"2024-09-25","서울","X","27.6","27.3","23.3","18.6","65.6","X","","X","낮음","X"
"2024-09-26","서울","X","28.3","28.0","23.6","21.1","75.1","X","","X","낮음","X"
"2024-09-27","서울","X","27.9","28.0","22.7","19.1","72.8","X","","X","낮음","X"
"2024-09-28","서울","X","27.6","27.9","23.2","19.2","59.3","X","","X","낮음","X"
"2024-09-29","서울","X","28.4","29.0","23.5","19.1","61.5","X","","X","낮음","X"
"2024-09-30","서울","X","27.7","28.5","23.0","18.3","63.0","X","","X","낮음","X"
"2025-05-01","서울","X","17.1","17.6","14.7","11.3","69.6","X","","X","낮음","X"
"2025-05-02","서울","X","18.0","18.5","13.4","8.2","59.3","X","","X","낮음","X"
"2025-05-03","서울","X","15.4","14.0","11.2","9.5","80.5","X","","X","낮음","X"
"2025-05-04","서울","X","18.0","19.9","13.7","8.2","60.9","X","","X","낮음","X"
"2025-05-05","서울","X","15.4","15.0","12.1","9.3","64.5","X","","X","낮음","X"
"2025-05-06","서울","X","18.4","19.5","14.4","8.5","57.5","X","","X","낮음","X"
"2025-05-07","서울","X","20.5","21.1","14.9","9.9","61.5","X","","X","낮음","X"
"2025-05-08","서울","X","22.7","24.9","17.4","9.7","53.5","X","","X","낮음","X"
"2025-05-09","서울","X","17.7","17.4","15.1","14.1","81.8","X","","X","낮음","X"
"2025-05-10","서울","X","18.1","15.3","12.3","11.6","95.5","X","","X","낮음","X"
"2025-05-11","서울","X","20.7","20.2","14.7","11.4","76.9","X","","X","낮음","X"
"2025-05-12","서울","X","22.9","23.6","17.0","9.8","62.6","X","","X","낮음","X"
"2025-05-13","서울","X","23.6","25.8","19.9","13.3","47.4","X","","X","낮음","X"
"2025-05-14","서울","X","25.0","26.7","21.0","14.1","52.8","X","","X","낮음","X"
"2025-05-15","서울","X","23.4","22.2","19.5","16.8","80.9","X","","X","낮음","X"
"2025-05-16","서울","X","24.8","22.0","19.4","17.8","92.6","X","","X","낮음","X"
"2025-05-17","서울","X","25.1","24.3","18.3","14.7","86.4","X","","X","낮음","X"
"2025-05-18","서울","X","19.7","21.0","15.6","11.4","59.3","X","","X","낮음","X"
"2025-05-19","서울","X","21.3","20.9","16.1","10.5","70.4","X","","X","낮음","X"
"2025-05-20","서울","X","28.7","27.3","22.2","17.4","85.5","X","","X","낮음","X"
"2025-05-21","서울","X","30.9","30.8","25.5","22.3","75.5","X","","X","낮음","O"
"2025-05-22","서울","X","27.6","28.5","23.9","20.0","68.0","X","","X","낮음","X"
"2025-05-23","서울","X","23.2","22.2","19.4","15.4","53.8","X","","X","낮음","X"
"2025-05-24","서울","X","19.7","19.3","15.6","13.0","69.1","X","","X","낮음","X"
"2025-05-25","서울","X","22.3","22.6","17.4","11.7","61.0","X","","X","낮음","X"
"2025-05-26","서울","X","25.0","26.2","19.7","13.0","59.4","X","","X","낮음","X"
"2025-05-27","서울","X","26.0","27.0","20.8","14.7","57.0","X","","X","낮음","X"
"2025-05-28","서울","X","26.1","26.9","20.8","16.3","62.0","X","","X","낮음","X"
"2025-05-29","서울","X","25.8","27.3","21.2","15.3","58.4","X","","X","낮음","X"
"2025-05-30","서울","X","26.8","28.3","22.2","16.7","55.0","X","","X","낮음","X"
"2025-05-31","서울","X","25.6","27.0","21.5","16.4","55.0","X","","X","낮음","O"
"2025-06-01","서울","X","27.9","29.3","22.6","17.0","57.8","X","","X","낮음","X"
"2025-06-02","서울","X","23.4","23.1","21.0","19.2","64.3","X","","X","낮음","X"
"2025-06-03","서울","X","24.5","25.3","20.9","17.0","56.9","X","","X","낮음","X"
"2025-06-04","서울","X","23.9","25.3","20.5","15.2","55.3","X","","X","낮음","X"
"2025-06-05","서울","X","25.2","27.1","21.7","15.6","49.8","X","","X","낮음","X"
"2025-06-06","서울","X","27.7","30.0","24.1","17.7","42.6","X","","X","낮음","X"
"2025-06-07","서울","X","28.2","28.2","23.7","19.8","61.4","X","","X","낮음","X"
"2025-06-08","서울","X","29.9","30.4","25.1","21.4","69.3","X","","X","낮음","X"
"2025-06-09","서울","X","29.6","30.2","24.2","20.6","66.6","X","","X","낮음","X"
"2025-06-10","서울","X","25.7","25.3","21.7","18.8","71.6","X","","X","낮음","X"
"2025-06-11","서울","X","27.0","28.5","22.7","15.9","54.6","X","","X","낮음","X"
"2025-06-12","서울","X","30.7","33.1","25.5","17.9","50.4","X","","X","낮음","O"
"2025-06-13","서울","X","28.4","29.4","24.0","20.1","60.9","X","","X","낮음","X"
"2025-06-14","서울","X","31.4","32.1","25.6","20.3","66.3","X","","X","낮음","X"
"2025-06-15","서울","X","32.1","33.2","26.3","21.7","69.6","X","","X","낮음","X"
"2025-06-16","서울","X","27.4","25.1","23.0","21.8","87.8","X","","X","낮음","X"
"2025-06-17","서울","X","29.5","29.6","24.8","21.1","73.3","X","","X","낮음","X"
"2025-06-18","서울","X","30.3","30.9","25.5","21.2","65.3","X","","X","낮음","X"
"2025-06-19","서울","X","32.5","34.2","28.1","21.1","57.9","X","","X","낮음","O"
"2025-06-20","서울","X","29.6","28.3","24.1","22.2","93.4","X","","X","낮음","X"
"2025-06-21","서울","X","26.0","24.2","22.0","20.5","88.1","X","","X","낮음","X"
"2025-06-22","서울","X","28.4","28.6","23.3","18.1","68.6","X","","X","낮음","X"
"2025-06-23","서울","X","31.1","31.7","26.1","19.4","64.8","X","","X","낮음","O"
"2025-06-24","서울","X","27.8","28.0","25.0","20.5","63.4","X","","X","낮음","X"
"2025-06-25","서울","X","24.8","22.1","20.9","19.5","88.9","X","","X","낮음","X"
"2025-06-26","서울","X","26.0","24.2","22.2","19.9","85.3","X","","X","낮음","X"
"2025-06-27","서울","X","30.3","29.3","25.0","21.1","78.1","X","","X","낮음","X"
"2025-06-28","서울","X","30.3","28.1","26.2","24.5","85.0","X","관심","X","낮음","X"
"2025-06-29","서울","X","31.4","30.2","27.1","24.9","77.1","X","관심","O","낮음","X"
"2025-06-30","서울","X","32.2","31.2","28.2","25.6","74.6","O","관심","O","낮음","O"
"2025-07-01","서울","O","33.0","31.8","28.6","26.2","78.6","O","관심","O","낮음","O"
"2025-07-02","서울","X","32.0","30.9","28.6","26.8","76.3","O","주의","O","낮음","O"
"2025-07-03","서울","X","32.4","32.0","28.3","26.5","75.5","O","주의","O","낮음","X"
"2025-07-04","서울","X","31.1","30.0","27.2","25.7","77.0","O","주의","O","낮음","X"
"2025-07-05","서울","X","32.8","32.3","28.4","26.0","72.9","O","주의","O","낮음","O"
"2025-07-06","서울","O","33.3","32.8","29.1","26.3","74.3","O","주의","O","낮음","O"
"2025-07-07","서울","O","34.3","33.2","29.1","26.7","79.0","O","주의","O","낮음","O"
"2025-07-08","서울","O","37.1","37.8","31.3","26.9","72.5","O","경고","O","낮음","O"
"2025-07-09","서울","O","35.1","36.0","31.9","27.4","61.1","O","경고","O","낮음","O"
"2025-07-10","서울","O","34.1","36.2","31.4","27.3","46.6","O","경고","X","낮음","O"
"2025-07-11","서울","O","33.9","36.1","30.2","24.6","47.1","O","경고","X","낮음","O"
"2025-07-12","서울","O","33.4","36.5","30.3","24.4","47.5","O","경고","O","낮음","O"
"2025-07-13","서울","X","31.2","31.0","27.7","25.6","66.8","O","경고","X","낮음","O"
"2025-07-14","서울","X","28.8","28.1","24.2","21.7","78.3","X","","X","낮음","O"
"2025-07-15","서울","X","27.7","25.9","23.6","21.5","84.1","X","관심","X","낮음","X"
"2025-07-16","서울","X","27.5","24.8","23.3","22.2","90.1","X","","X","낮음","X"
"2025-07-17","서울","X","27.0","24.4","23.3","22.0","94.3","X","","X","낮음","X"
"2025-07-18","서울","X","29.4","27.2","24.7","22.9","89.5","X","관심","X","낮음","X"
"2025-07-19","서울","X","28.7","25.8","23.9","21.9","95.4","X","관심","O","낮음","X"
"2025-07-20","서울","X","32.3","31.3","27.7","25.0","82.8","X","관심","O","낮음","O"
"2025-07-21","서울","X","32.6","31.6","28.5","25.6","77.4","O","관심","O","낮음","O"
"2025-07-22","서울","X","32.9","32.2","28.8","26.6","75.6","O","주의","O","낮음","O"
"2025-07-23","서울","O","33.6","33.3","28.9","25.5","70.4","O","주의","O","낮음","O"
"2025-07-24","서울","O","34.2","34.1","29.8","25.8","68.0","O","주의","O","낮음","O"
"2025-07-25","서울","O","36.0","36.3","31.1","25.6","64.6","O","경고","O","낮음","O"
"2025-07-26","서울","O","36.4","37.1","32.3","27.6","61.9","O","경고","O","낮음","O"
"2025-07-27","서울","O","36.6","38.0","32.8","28.3","62.4","O","경고","O","낮음","O"
"2025-07-28","서울","O","36.1","36.4","32.2","28.8","67.3","O","경고","O","낮음","O"
"2025-07-29","서울","O","36.2","36.7","32.0","27.6","64.0","O","경고","O","낮음","O"
"2025-07-30","서울","O","35.7","36.3","32.1","28.3","62.9","O","경고","O","낮음","O"
"2025-07-31","서울","O","34.4","34.6","30.9","29.3","62.3","O","경고","O","낮음","O"
"2025-08-01","서울","O","34.8","35.1","31.0","27.8","66.9","O","경고","O","낮음","O"
"2025-08-02","서울","O","35.4","36.2","31.2","27.3","62.1","O","경고","O","낮음","O"
"2025-08-03","서울","X","32.9","32.5","28.8","24.0","69.0","O","경고","X","낮음","O"
"2025-08-04","서울","O","33.9","33.9","28.1","23.7","75.5","O","경고","O","낮음","X"
"2025-08-05","서울","O","33.1","33.5","29.1","25.4","67.4","O","주의","O","낮음","X"
"2025-08-06","서울","X","31.4","29.3","27.1","25.8","89.0","O","주의","O","낮음","O"
"2025-08-07","서울","X","32.1","32.3","28.2","25.4","70.8","X","관심","X","낮음","X"
"2025-08-08","서울","X","30.9","30.2","26.6","23.9","74.8","X","관심","X","낮음","O"
"2025-08-09","서울","X","28.2","26.4","24.9","23.1","82.1","X","","X","낮음","X"
"2025-08-10","서울","X","32.9","33.2","27.3","21.0","70.0","X","관심","O","낮음","O"
"2025-08-11","서울","X","30.7","29.5","27.0","25.0","73.9","X","관심","X","낮음","X"
"2025-08-12","서울","X","32.7","34.1","28.6","23.3","62.9","X","관심","X","낮음","O"
"2025-08-13","서울","X","30.0","27.1","25.1","22.0","91.8","X","","X","낮음","X"
"2025-08-14","서울","X","29.3","26.9","25.5","24.2","91.1","X","관심","X","낮음","X"
"2025-08-15","서울","X","32.4","30.9","27.1","24.4","84.3","O","관심","O","낮음","X"
"2025-08-16","서울","X","32.7","32.2","28.2","25.5","76.0","O","주의","O","낮음","X"
"2025-08-17","서울","X","32.6","32.0","28.4","26.1","76.3","O","주의","O","낮음","X"
"2025-08-18","서울","O","33.1","32.9","28.9","27.0","75.6","O","주의","O","낮음","X"
"2025-08-19","서울","O","33.0","32.3","29.1","26.9","75.3","O","주의","O","낮음","X"
"2025-08-20","서울","O","33.2","32.8","29.4","26.9","74.5","O","주의","O","낮음","O"
"2025-08-21","서울","O","34.1","34.3","29.8","27.4","70.6","O","주의","O","낮음","O"
"2025-08-22","서울","O","33.3","33.5","29.4","26.1","71.5","O","주의","O","낮음","X"
"2025-08-23","서울","O","33.3","32.2","29.3","27.4","74.9","O","경고","O","낮음","O"
"2025-08-24","서울","O","34.3","34.7","30.2","26.9","69.4","O","경고","O","낮음","O"
"2025-08-25","서울","O","33.3","32.2","28.7","26.3","80.6","O","경고","O","낮음","O"
"2025-08-26","서울","X","32.5","31.8","27.6","25.5","81.8","X","경고","X","낮음","O"
"2025-08-27","서울","X","30.7","30.8","26.7","23.6","73.8","O","관심","X","낮음","X"
"2025-08-28","서울","X","31.9","31.0","28.3","24.7","72.9","O","주의","O","낮음","O"
"2025-08-29","서울","O","33.7","32.8","29.0","27.3","82.0","O","주의","O","낮음","O"
"2025-08-30","서울","X","32.8","31.8","28.4","25.8","81.1","O","주의","O","낮음","X"
"2025-08-31","서울","X","32.7","31.8","28.5","25.1","75.3","O","주의","O","낮음","X"
"2025-09-01","서울","X","30.4","28.2","26.1","24.4","87.3","X","주의","X","낮음","X"
"2025-09-02","서울","X","30.7","30.6","26.0","22.0","74.6","X","관심","X","낮음","O"
"2025-09-03","서울","X","31.5","32.1","27.6","22.6","67.5","X","관심","X","낮음","X"
"2025-09-04","서울","X","30.9","29.8","25.8","22.8","82.1","X","관심","X","낮음","X"
"2025-09-05","서울","O","33.0","33.0","27.9","23.5","68.5","O","관심","O","낮음","X"
"2025-09-06","서울","X","31.8","30.4","26.8","25.4","86.6","O","주의","X","낮음","X"
"2025-09-07","서울","X","29.4","28.3","25.3","22.3","77.5","X","주의","X","낮음","X"
"2025-09-08","서울","X","29.2","29.5","24.4","20.6","73.0","X","","X","낮음","X"
"2025-09-09","서울","X","27.7","26.9","23.7","21.4","71.9","X","","X","낮음","X"
"2025-09-10","서울","X","29.2","31.5","24.8","18.4","61.1","X","","X","낮음","X"
"2025-09-11","서울","X","30.0","31.7","25.8","19.9","57.6","X","","X","낮음","X"
"2025-09-12","서울","X","26.8","26.3","23.9","21.1","68.8","X","","X","낮음","X"
"2025-09-13","서울","X","28.2","27.6","23.3","20.4","81.0","X","","X","낮음","X"
"2025-09-14","서울","X","29.2","29.3","24.8","21.5","72.0","X","","X","낮음","X"
"2025-09-15","서울","X","30.8","30.7","25.7","20.8","71.6","X","관심","X","낮음","X"
"2025-09-16","서울","X","29.2","27.1","23.7","22.2","86.8","X","관심","X","낮음","X"
"2025-09-17","서울","X","27.1","24.0","22.7","21.2","92.0","X","","X","낮음","X"
"2025-09-18","서울","X","26.5","26.0","22.1","19.6","74.4","X","","X","낮음","X"
"2025-09-19","서울","X","23.1","21.4","19.4","17.9","82.0","X","","X","낮음","X"
"2025-09-20","서울","X","24.8","23.6","20.0","17.5","85.4","X","","X","낮음","X"
"2025-09-21","서울","X","27.2","27.3","21.6","17.2","67.0","X","","X","낮음","X"
"2025-09-22","서울","X","24.9","25.1","21.3","17.6","59.8","X","","X","낮음","X"
"2025-09-23","서울","X","25.6","26.8","22.7","19.2","56.5","X","","X","낮음","X"
"2025-09-24","서울","X","25.9","23.7","22.0","20.4","81.8","X","","X","낮음","X"
"2025-09-25","서울","X","26.8","26.4","22.5","20.2","80.0","X","","X","낮음","X"
"2025-09-26","서울","X","27.6","27.1","21.7","17.8","78.1","X","","X","낮음","X"
"2025-09-27","서울","X","27.4","27.2","22.5","17.6","71.1","X","","X","낮음","X"
"2025-09-28","서울","X","24.0","21.9","20.0","18.4","85.6","X","","X","낮음","X"
"2025-09-29","서울","X","24.4","23.9","19.6","16.6","77.8","X","","X","낮음","X"
"2025-09-30","서울","X","25.0","24.0","19.8","17.3","81.3","X","","X","낮음","X"
"2026-05-01","서울","X","22.5","24.3","17.8","13.6","43.5","X","","X","낮음","X"
"2026-05-02","서울","X","22.3","22.4","17.3","12.8","65.1","X","","X","낮음","X"
"2026-05-03","서울","X","17.4","15.5","13.0","11.7","87.5","X","","X","낮음","X"
"2026-05-04","서울","X","18.5","19.9","13.7","8.1","56.1","X","","X","낮음","X"
"2026-05-05","서울","X","19.5","21.2","14.5","8.4","49.8","X","","X","낮음","X"
"2026-05-06","서울","X","22.4","23.8","16.9","9.1","49.1","X","","X","낮음","X"
"2026-05-07","서울","X","20.4","20.3","15.4","13.0","70.9","X","","X","낮음","X"
"2026-05-08","서울","X","18.1","20.4","15.2","9.8","50.9","X","","X","낮음","X"
"2026-05-09","서울","X","20.3","22.7","15.9","9.7","40.5","X","","X","낮음","X"
"2026-05-10","서울","X","21.8","24.5","17.1","10.0","40.9","X","","X","낮음","X"
"2026-05-11","서울","X","21.8","20.9","16.8","12.9","71.9","X","","X","낮음","X"
"2026-05-12","서울","X","24.5","24.5","19.1","15.4","74.1","X","","X","낮음","X"
"2026-05-13","서울","X","25.3","26.2","19.7","13.4","64.0","X","","X","낮음","X"
"2026-05-14","서울","X","28.8","31.5","23.5","15.1","54.0","X","","X","낮음","X"
"2026-05-15","서울","X","29.0","31.3","24.2","18.3","52.6","X","","X","낮음","X"
"2026-05-16","서울","X","27.4","29.9","23.1","17.5","51.5","X","","X","낮음","X"
"2026-05-17","서울","X","26.9","29.4","22.6","16.2","46.8","X","","X","낮음","X"
"2026-05-18","서울","X","26.8","30.1","23.0","15.7","41.4","X","","X","낮음","X"
"2026-05-19","서울","X","24.1","25.5","22.1","19.8","52.6","X","","X","낮음","X"
"2026-05-20","서울","X","21.9","21.8","16.9","14.8","84.3","X","","X","낮음","X"
"2026-05-21","서울","X","21.7","20.2","17.0","14.7","83.1","X","","X","낮음","X"
"2026-05-22","서울","X","25.0","27.0","20.6","15.1","48.6","X","","X","낮음","X"
"2026-05-23","서울","X","23.6","24.7","19.2","16.0","56.9","X","","X","낮음","X"
"2026-05-24","서울","X","28.1","29.2","22.1","14.8","61.0","X","","X","낮음","X"
"2026-05-25","서울","X","29.1","29.8","24.4","17.9","63.6","X","","X","낮음","X"
"2026-05-26","서울","X","29.2","29.0","24.9","21.8","70.6","X","","X","낮음","X"
"2026-05-27","서울","X","26.1","25.1","22.3","20.1","78.4","X","","X","낮음","X"
"2026-05-28","서울","X","27.0","26.5","20.9","17.6","81.4","X","","X","낮음","X"
"2026-05-29","서울","X","26.3","26.9","21.5","16.6","62.8","X","","X","낮음","X"
"2026-05-30","서울","X","27.8","29.0","22.5","15.8","59.3","X","","X","낮음","X"
"2026-05-31","서울","X","27.9","30.9","24.3","17.5","44.5","X","","X","낮음","X"
"2026-06-01","서울","X","27.2","28.7","22.9","18.3","45.4","X","","X","낮음","X"
"2026-06-02","서울","X","30.3","31.8","25.4","17.7","53.0","X","관심","X","낮음","X"
"2026-06-03","서울","X","29.7","30.8","25.5","20.7","59.0","X","관심","X","낮음","X"
"2026-06-04","서울","X","28.8","28.4","23.6","20.0","72.0","X","","X","낮음","X"
"2026-06-05","서울","X","24.3","25.2","20.6","17.4","64.3","X","","X","낮음","X"
"2026-06-06","서울","X","25.5","27.5","22.3","15.6","52.8","X","","X","낮음","X"
"2026-06-07","서울","X","24.8","24.9","22.1","19.7","55.6","X","","X","낮음","X"
"2026-06-08","서울","X","25.3","26.4","21.1","16.9","63.0","X","","X","낮음","X"
"2026-06-09","서울","X","26.1","27.7","21.6","16.1","53.4","X","","X","낮음","X"
"2026-06-10","서울","X","26.1","26.9","21.6","17.9","63.4","X","","X","낮음","X"
"2026-06-11","서울","X","25.9","26.7","21.0","16.2","65.4","X","","X","낮음","X"
"2026-06-12","서울","X","26.3","27.7","22.4","17.0","59.5","X","","X","낮음","X"
"2026-06-13","서울","X","29.1","31.9","24.1","16.7","51.4","X","","X","낮음","X"
"2026-06-14","서울","X","29.8","31.3","23.6","20.6","62.9","X","","X","낮음","X"
"2026-06-15","서울","X","29.8","32.6","25.4","19.2","55.9","X","관심","X","낮음","X"
"2026-06-16","서울","X","30.8","33.2","27.0","21.1","52.5","X","관심","X","낮음","X"
"2026-06-17","서울","X","31.3","32.8","26.9","22.0","53.1","X","관심","X","낮음","X"
"2026-06-18","서울","X","31.3","32.3","27.2","23.0","55.5","O","관심","X","낮음","X"
"2026-06-19","서울","X","32.5","34.0","26.4","22.6","68.5","O","관심","X","낮음","X"
"2026-06-20","서울","X","25.7","23.0","21.3","20.5","90.5","X","","X","낮음","X"
"2026-06-21","서울","X","28.0","28.1","23.7","19.7","65.4","X","","X","낮음","X"
"2026-06-22","서울","X","28.3","28.3","24.4","21.3","67.8","X","","X","낮음","X"
"2026-06-23","서울","X","29.0","30.9","25.8","20.9","56.9","X","","X","낮음","X"
"2026-06-24","서울","X","27.8","28.9","24.3","19.2","52.5","X","","X","낮음","X"
"2026-06-25","서울","X","25.2","24.0","22.3","19.6","67.1","X","","X","낮음","X"
"2026-06-26","서울","X","28.7","30.0","23.5","17.2","63.6","X","","X","낮음","X"
"2026-06-27","서울","X","31.2","32.3","26.3","20.7","61.3","X","","X","낮음","X"
"2026-06-28","서울","X","30.9","31.3","26.1","21.8","60.8","X","관심","X","낮음","X"
"2026-06-29","서울","X","31.8","32.5","26.2","21.6","66.4","O","관심","X","낮음","X"
"2026-06-30","서울","X","31.1","31.8","26.8","22.8","56.5","O","주의","X","낮음","X"
"2026-07-01","서울","X","30.9","31.5","26.3","23.7","65.0","O","주의","X","낮음","X"
"2026-07-02","서울","X","27.9","27.5","24.3","21.7","73.3","X","관심","X","낮음","X"
"2026-07-03","서울","X","29.2","28.5","24.8","22.3","74.4","X","","X","낮음","X"
"2026-07-04","서울","X","30.0","29.6","25.8","23.1","74.1","X","관심","X","낮음","X"
"2026-07-05","서울","X","30.2","28.9","25.6","23.9","80.0","X","관심","X","낮음","X"
"2026-07-06","서울","X","30.1","27.9","26.0","24.6","82.1","X","관심","X","낮음","X"
"2026-07-07","서울","X","32.6","31.9","28.2","23.5","74.6","X","관심","X","낮음","X"
"2026-07-08","서울","X","30.2","28.6","25.1","23.4","84.4","X","","X","낮음","X"
"2026-07-09","서울","X","28.6","25.9","24.0","22.0","91.0","X","","X","낮음","X"
"2026-07-10","서울","X","30.1","27.7","26.0","23.6","85.8","O","관심","X","낮음","X"
"2026-07-11","서울","X","32.9","32.6","28.6","24.7","72.8","O","주의","O","낮음","X"
"2026-07-12","서울","O","34.8","35.0","30.3","25.2","66.6","O","주의","O","낮음","X"
"2026-07-13","서울","O","33.8","33.5","30.4","27.6","64.6","O","경고","O","낮음","X"
"2026-07-14","서울","X","32.0","31.0","28.1","25.2","79.0","O","경고","X","낮음","X"
"2026-07-15","서울","X","28.5","26.3","24.6","23.4","90.1","X","주의","X","낮음","X"
"2026-07-16","서울","X","31.6","30.3","26.4","22.9","78.4","X","관심","X","낮음","X"
"2026-07-17","서울","X","32.0","31.7","27.8","24.1","74.6","X","관심","X","낮음","X"
"2026-07-18","서울","X","29.6","28.1","24.0","19.8","86.5","X","","X","낮음","X"
"2026-07-19","서울","X","29.8","29.2","25.9","23.2","75.5","X","관심","X","낮음","X"
"2026-07-20","서울","X","28.2","25.3","24.3","23.1","90.0","X","관심","X","낮음","X"
"2026-07-21","서울","X","28.7","25.9","25.1","24.3","92.8","X","","X","낮음","X"
"2026-07-22","서울","X","30.2","27.7","25.7","23.7","91.6","X","관심","O","낮음","X"
"2026-07-23","서울","X","31.4","29.3","27.1","25.7","86.0","O","관심","O","낮음","X"
"2026-07-24","서울","X","32.7","32.1","28.5","26.2","75.3","O","관심","O","낮음","X"
"2026-07-25","서울","X","32.4","31.5","28.7","26.6","74.9","O","주의","O","낮음","X"
"2026-07-26","서울","O","33.3","32.6","29.2","26.8","75.3","O","주의","O","낮음","X"
"2026-07-27","서울","X","32.6","31.6","28.9","27.2","75.3","O","주의","O","낮음","X"
"2026-07-28","서울","O","33.7","32.7","29.0","26.7","77.1","O","주의","O","낮음","X"
"2026-07-29","서울","O","33.2","32.6","28.5","26.1","74.9","O","주의","O","낮음","X"
"2026-07-30","서울","O","33.0","32.7","28.3","25.3","73.1","O","경고","O","낮음","X"
"2026-07-31","서울","O","33.3","32.2","29.1","25.9","75.9","O","경고","O","낮음","X"
"2026-08-01","서울","O","34.8","34.0","30.0","27.4","76.9","O","경고","O","낮음","X"
"2026-08-02","서울","O","34.9","34.9","30.4","27.5","67.3","O","경고","O","낮음","X"
"2026-08-03","서울","O","36.5","36.7","31.5","26.5","67.3","O","경고","O","낮음","X"
"2026-08-04","서울","O","37.0","36.9","32.6","28.9","65.8","O","경고","O","낮음","X"
"2026-08-05","서울","O","37.0","36.9","32.8","29.0","67.4","O","심각","O","낮음","X"
"2026-08-06","서울","O","36.8","37.9","32.9","28.9","62.0","O","심각","O","낮음","X"
"2026-08-07","서울","O","37.0","38.0","33.1","28.6","58.9","O","심각","O","낮음","X"
"2026-08-08","서울","O","35.8","36.8","31.2","25.7","56.8","O","심각","X","낮음","X"
"2026-08-09","서울","X","31.4","31.6","27.6","24.5","58.9","O","경고","X","낮음","X"
"2026-08-10","서울","O","33.1","34.3","29.1","24.8","57.6","O","경고","X","낮음","X"
"2026-08-11","서울","X","32.9","34.4","28.1","24.2","55.4","O","주의","X","낮음","X"
"2026-08-12","서울","X","30.7","32.0","26.5","21.3","52.6","X","주의","X","낮음","X"
"2026-08-13","서울","X","32.0","32.7","27.3","22.1","60.4","O","관심","X","낮음","X"
"2026-08-14","서울","X","31.6","31.7","27.8","24.7","66.6","O","주의","O","낮음","X"
"2026-08-15","서울","X","30.7","29.5","26.1","25.1","80.0","O","주의","X","낮음","X"
"2026-08-16","서울","X","28.0","25.5","24.1","22.6","88.8","O","관심","X","낮음","X"
"2026-08-17","서울","X","28.7","26.0","24.9","23.7","86.9","O","관심","X","낮음","X"
